3,13,0,35,0,2415,1,0,1
1,9,1,35,0,0,1,1,0
1,9,1,40,0,0,0,1,0
4,2,1,30,0,0,0,0,0
1,10,1,10,0,0,0,1,0
4,9,1,42,0,0,0,1,0
2,13,0,40,0,0,1,1,1
2,13,0,65,0,0,1,1,1
2,9,1,40,0,0,0,1,0
1,4,0,40,0,0,1,0,0
1,11,1,20,0,0,0,1,0
2,9,1,45,0,0,0,1,0
1,5,0,45,0,0,1,1,0
4,9,1,60,34095,0,1,1,0
2,10,0,40,0,0,1,1,0
1,13,1,15,0,0,0,1,0
5,9,1,35,1471,0,0,1,0
3,13,0,60,0,0,1,1,0
1,9,1,40,0,0,1,0,0
4,11,1,40,0,0,0,1,0
1,13,1,40,0,0,1,1,0
5,4,1,15,0,0,0,1,0
2,13,0,43,0,0,1,1,1
4,9,0,10,0,0,0,1,0
1,14,1,40,0,0,0,1,0
1,10,1,55,0,0,0,1,0
2,9,0,60,0,0,0,1,0
2,9,0,60,0,1902,1,1,1
3,10,0,40,0,0,0,1,1
1,6,1,40,0,0,1,0,0
5,4,0,20,0,0,1,1,0
0,6,1,15,0,0,1,1,0
2,9,1,24,0,0,0,1,0
1,14,0,35,0,0,0,1,1
4,3,1,40,0,0,0,1,0
1,12,1,50,0,0,1,1,1
4,13,0,72,0,0,1,1,0
3,9,0,50,0,0,1,1,1
1,13,1,40,0,0,1,1,0
4,1,1,40,0,0,1,0,0
1,13,1,45,0,1504,1,1,0
0,7,1,20,0,0,1,1,0
2,10,1,45,13550,0,0,1,1
2,11,0,50,0,0,1,1,1
3,15,0,45,0,2415,1,1,1
3,9,1,40,0,0,1,1,0
2,9,0,50,0,0,1,1,0
1,9,1,40,0,0,1,1,0
1,9,1,40,0,0,1,1,0
5,9,0,20,0,0,1,1,0
4,10,0,55,0,0,1,1,0
4,5,1,40,0,0,0,1,0
3,12,1,67,0,0,0,1,0
2,9,0,45,0,0,1,1,1
2,9,1,24,0,0,0,1,0
1,4,1,38,0,0,0,1,0
3,12,1,40,0,0,1,1,0
1,9,1,40,0,0,1,1,0
2,10,1,40,0,0,1,1,0
4,10,0,50,0,0,1,1,0
3,10,0,40,7298,0,1,1,1
3,9,0,45,0,0,1,1,0
1,10,0,50,0,0,1,1,0
1,9,1,45,0,0,0,1,0
3,9,1,40,4650,0,1,1,0
2,11,0,54,0,0,1,1,0
3,14,0,50,0,0,0,1,1
2,9,1,40,0,0,1,1,0
3,13,1,40,0,0,1,1,1
4,11,0,38,15024,0,1,0,1
1,10,1,40,0,0,0,1,0
2,6,0,37,0,0,0,1,0
0,9,1,35,0,0,1,1,0
3,9,0,56,0,0,1,1,1
1,10,1,40,0,0,0,1,0
2,4,1,30,0,0,0,1,0
4,9,0,40,0,0,1,1,0
2,10,1,60,13550,0,1,1,1
0,8,1,20,0,0,1,1,0
2,9,0,40,0,1485,1,1,1
1,10,1,35,0,0,0,1,0
0,9,1,35,0,0,1,0,0
0,8,0,20,0,0,0,1,0
2,13,0,50,0,1887,1,1,1
0,9,0,40,0,0,0,1,0
4,4,0,40,2961,0,1,1,0
2,9,0,40,0,0,1,1,0
2,9,1,37,0,0,0,1,0
2,13,1,40,0,0,0,1,0
3,13,0,12,0,0,1,1,0
3,9,0,40,0,1672,1,1,0
3,9,1,68,0,0,1,1,0
4,10,0,40,0,0,1,1,0
5,9,0,65,7298,0,1,1,1
3,9,0,60,0,0,1,1,0
1,10,1,24,0,0,0,1,0
3,14,0,40,4386,0,0,1,1
1,9,0,35,0,0,1,0,0
2,13,1,40,0,0,0,1,0
0,6,1,30,0,0,0,1,0
4,6,0,40,0,0,1,1,1
3,13,0,40,3103,0,1,1,1
3,13,0,60,0,1902,1,1,1
2,14,1,40,0,0,1,1,0
2,13,0,40,0,1977,1,1,1
4,6,0,40,0,0,1,1,1
5,9,1,30,0,0,0,1,0
1,13,1,45,0,0,0,1,0
3,9,1,50,0,0,1,1,0
2,13,1,40,0,0,1,1,0
3,9,1,40,0,0,0,1,0
5,13,1,40,0,0,1,1,0
3,10,0,40,0,0,0,1,0
3,14,1,60,0,0,0,1,0
2,9,0,45,0,0,1,1,0
4,6,0,34,0,0,1,1,0
3,11,1,40,0,0,1,1,0
1,3,0,40,0,0,1,0,0
3,10,1,40,0,0,0,1,0
4,9,0,40,0,0,1,1,1
1,10,1,24,0,0,0,1,0
1,9,1,40,0,0,0,0,0
3,9,1,40,3325,0,1,1,0
1,9,0,40,0,1887,0,1,1
1,9,0,40,0,0,1,1,0
5,12,0,40,0,0,1,1,0
1,13,1,40,3325,0,1,1,0
3,9,0,40,0,0,1,1,1
2,11,1,50,0,0,0,1,0
3,14,1,50,0,0,1,1,1
1,10,1,40,0,0,1,1,0
3,9,0,50,0,0,1,1,0
3,15,1,40,0,0,0,1,0
2,7,0,65,0,0,1,1,0
2,9,0,40,0,0,1,1,0
3,15,0,40,15024,0,1,1,1
5,10,0,45,0,0,0,1,0
1,10,0,18,0,0,0,1,0
2,7,0,40,0,0,1,1,0
3,11,0,50,0,1977,1,1,1
1,13,1,40,0,0,0,1,0
2,9,0,24,4508,0,1,1,0
1,10,1,35,0,0,1,1,0
2,9,1,40,0,0,0,1,0
5,10,1,40,0,0,0,0,0
2,14,0,50,0,0,1,1,1
2,15,0,40,0,0,1,1,1
4,13,0,40,15024,0,1,1,1
2,13,0,40,0,0,1,0,0
4,3,0,10,0,0,0,0,0
2,10,1,45,0,0,1,1,0
1,9,1,40,0,0,0,1,0
4,14,0,50,0,0,0,1,1
5,9,1,24,0,0,0,1,0
4,13,0,40,0,0,1,1,0
3,12,0,40,0,0,0,1,0
4,9,0,55,4386,0,1,1,1
1,10,1,45,0,0,1,1,0
3,9,1,40,0,0,0,1,0
3,13,0,50,0,0,1,1,1
2,13,1,47,0,0,1,1,0
1,10,1,10,0,0,0,1,0
2,7,1,46,0,1876,1,1,0
1,9,1,40,0,0,1,1,0
1,9,0,54,0,0,1,1,0
1,13,1,40,0,0,0,0,0
1,13,0,40,5013,0,1,0,0
1,9,1,30,0,0,1,1,0
4,9,1,40,0,0,0,1,0
3,10,0,45,7688,0,1,1,1
5,9,0,35,0,0,0,1,0
4,9,1,40,0,0,0,1,0
0,9,1,20,0,0,0,1,0
5,15,1,40,0,1668,1,1,0
1,4,0,30,0,0,0,0,0
2,13,1,45,0,0,0,1,1
4,14,0,40,0,1977,1,1,1
0,10,1,15,0,0,0,1,0
4,13,1,40,0,0,0,1,0
2,9,0,40,0,0,1,1,0
1,13,1,55,13550,0,1,1,1
1,10,1,47,0,0,1,1,0
1,10,1,25,0,0,0,1,0
2,13,0,55,0,0,1,1,0
0,7,1,23,0,0,0,1,0
1,6,0,50,0,0,0,1,0
4,10,1,40,0,0,0,1,0
3,9,0,32,2885,0,1,1,0
2,9,0,40,0,0,1,1,0
5,4,0,40,0,0,1,1,1
4,10,0,40,0,0,1,1,1
1,13,1,40,0,0,1,1,0
2,8,1,50,4650,0,1,1,0
2,9,1,60,0,0,1,1,0
2,9,1,38,114,0,0,1,0
1,12,1,15,0,0,0,1,0
4,14,0,40,0,0,1,1,1
3,10,1,40,0,0,0,1,0
1,9,0,40,0,0,1,1,0
1,10,1,35,0,0,0,1,0
2,9,0,40,0,0,1,1,0
3,10,0,40,0,0,1,1,1
1,13,1,16,0,0,0,1,0
1,9,1,30,0,0,1,0,0
2,15,0,40,0,0,0,1,1
1,8,0,40,0,0,1,0,0
1,14,1,20,0,0,1,0,0
4,13,0,25,0,0,1,1,0
2,11,0,40,7688,0,1,1,1
1,10,1,27,0,0,1,1,0
5,13,0,40,0,0,1,1,0
3,13,0,40,0,0,1,1,0
2,2,1,40,0,0,1,0,0
2,13,0,46,0,0,0,1,1
3,10,0,50,0,0,1,1,0
4,5,0,40,0,0,1,1,0
4,9,0,40,7688,0,1,1,1
2,9,1,35,0,0,0,1,0
2,9,0,50,0,0,1,1,1
1,10,1,35,0,0,1,1,0
1,6,0,40,0,0,1,1,0
3,10,1,40,0,0,0,1,0
3,10,1,40,0,0,0,1,0
1,8,1,25,0,0,1,1,0
1,12,1,30,0,2001,0,1,0
2,11,1,40,0,0,0,1,0
2,10,0,40,0,0,1,1,0
5,10,0,25,0,0,1,1,0
1,9,1,6,0,0,0,1,0
4,9,1,40,0,0,0,1,0
2,11,0,62,0,0,1,1,0
1,10,1,20,0,0,1,1,0
1,10,1,35,0,0,1,1,0
3,11,1,35,0,0,1,1,0
1,9,1,40,0,0,1,1,0
2,14,1,40,0,0,0,0,0
3,9,1,40,0,0,0,1,0
5,4,1,35,0,0,0,1,0
3,10,1,40,2176,0,1,1,0
2,6,1,38,0,0,0,1,0
5,10,1,35,0,0,0,1,0
5,9,1,40,0,0,0,1,0
1,9,1,35,0,0,0,1,0
3,10,0,40,0,0,1,1,1
1,14,1,40,0,0,0,1,0
2,5,1,35,0,0,1,1,0
1,13,1,40,0,0,0,1,0
1,13,1,45,0,0,0,1,0
2,13,1,40,0,0,0,1,1
1,9,1,40,0,1504,1,1,0
3,14,1,38,0,0,1,1,0
1,13,1,40,0,1876,0,1,0
1,10,1,6,0,0,0,1,0
1,9,1,40,0,0,0,1,0
4,10,0,60,0,0,1,1,1
2,10,1,40,0,0,0,1,0
4,10,1,40,0,0,0,1,0
2,13,0,40,0,0,1,1,0
3,13,0,45,0,0,1,1,1
2,9,0,20,0,0,1,1,0
0,6,1,35,0,0,0,1,0
1,10,1,40,0,0,0,1,0
0,8,1,20,0,0,0,1,0
1,10,1,60,0,0,1,1,0
2,13,0,20,0,0,1,0,0
2,9,0,40,0,0,1,1,0
1,10,0,35,0,0,1,1,1
3,9,1,35,0,0,0,1,0
3,10,0,40,0,0,1,1,1
1,9,1,37,0,0,0,1,0
4,9,1,40,0,0,0,1,0
5,9,1,20,2329,0,0,1,0
4,9,0,40,7688,0,1,1,1
1,7,1,38,0,0,0,1,0
2,9,1,40,0,0,0,1,0
1,12,1,40,0,0,0,1,0
2,13,0,40,0,0,1,1,1
5,5,1,45,0,0,1,1,0
5,9,1,5,0,0,0,1,0
5,9,0,40,0,0,1,1,1
1,9,0,40,0,0,1,1,0
4,16,1,60,4787,0,0,1,1
1,10,0,72,0,0,1,1,1
3,14,0,50,15024,0,1,1,1
2,10,0,25,0,0,1,1,0
4,13,1,40,0,0,0,1,0
3,9,1,40,0,0,0,1,0
3,10,1,40,0,0,0,1,0
3,9,0,44,0,0,1,1,0
2,9,1,35,0,0,0,1,0
2,14,1,30,0,0,1,1,0
2,10,0,40,0,1887,1,1,1
0,9,1,42,0,0,0,1,0
3,7,1,25,0,0,0,0,0
4,13,0,40,0,0,1,1,1
4,14,0,60,0,0,1,1,1
4,10,1,40,0,0,0,1,0
2,9,0,65,0,0,1,1,0
2,13,0,30,0,0,1,1,1
3,13,1,40,0,0,1,1,0
2,13,0,50,0,0,1,1,1
3,9,0,40,0,0,1,1,0
1,9,1,40,0,0,1,0,0
3,10,0,40,0,1485,1,1,1
2,7,0,40,0,0,1,1,0
4,9,0,60,0,0,1,1,0
3,16,0,40,0,0,1,0,1
3,9,1,40,0,0,0,1,0
1,13,1,40,0,0,0,1,0
1,9,0,40,0,0,1,1,0
1,9,1,40,0,0,1,1,0
1,13,1,32,0,0,1,1,0
1,13,0,50,0,0,1,1,0
4,14,1,40,0,0,0,1,0
3,6,1,40,0,0,0,1,0
3,10,0,50,0,0,1,1,1
1,13,0,50,0,0,1,1,0
4,10,0,45,0,0,1,1,1
1,6,1,32,0,0,0,1,0
1,13,0,45,0,0,1,1,0
2,13,0,80,15024,0,1,1,1
4,2,0,50,0,0,1,1,0
1,6,1,40,0,0,1,1,0
3,10,1,40,0,0,1,1,0
2,10,1,35,0,0,0,1,0
0,9,1,52,0,0,0,1,0
1,14,0,40,0,0,1,1,0
3,12,1,40,0,0,1,1,0
3,13,0,45,7688,0,1,1,1
1,10,0,40,0,0,1,1,0
4,10,1,20,4650,0,0,1,0
2,9,1,84,0,2258,1,1,0
3,9,0,60,0,0,1,1,0
4,9,0,40,0,0,0,1,0
3,9,0,40,0,0,1,1,0
1,10,1,40,0,0,1,1,0
4,9,0,35,0,1977,1,1,1
2,7,1,65,0,0,1,1,0
3,9,1,43,0,0,0,1,0
1,9,1,40,0,0,1,1,0
2,9,1,40,0,0,1,1,0
3,9,1,40,0,0,1,1,0
5,10,1,47,0,0,1,1,0
3,13,0,40,0,0,1,1,1
2,9,0,50,0,0,1,1,0
2,10,0,40,0,0,1,0,0
1,10,0,40,0,0,1,1,1
0,6,1,4,0,0,1,1,0
4,13,0,40,15024,0,1,1,1
3,9,0,52,0,0,1,1,1
3,9,1,15,0,0,1,1,0
1,3,1,30,0,0,1,0,0
4,6,0,40,0,0,1,1,0
3,9,0,25,0,0,1,1,0
5,14,0,40,99999,0,1,1,1
2,5,0,40,0,0,1,1,0
4,9,0,40,0,0,1,1,1
1,13,0,40,0,0,0,1,1
5,13,1,40,0,0,0,0,1
2,15,0,55,0,0,1,1,1
3,9,1,25,0,0,0,1,0
2,13,1,50,0,0,1,1,0
4,9,0,60,0,0,1,1,1
1,7,1,40,0,0,0,1,0
3,9,0,40,0,0,1,1,0
1,14,1,30,0,0,0,1,0
3,10,1,44,0,0,0,1,0
3,9,0,50,0,0,1,1,0
3,9,1,40,0,0,0,1,0
3,10,0,40,2580,0,1,1,0
2,10,1,48,0,0,1,1,0
2,10,1,40,0,0,0,1,0
3,14,1,45,0,1755,1,1,1
1,10,1,20,0,0,0,1,0
4,9,0,40,0,0,1,1,0
1,9,1,40,0,0,1,1,0
2,9,0,60,7298,0,1,1,1
2,10,1,60,0,0,1,1,0
1,9,0,40,0,0,0,1,0
3,6,1,50,0,0,1,1,0
3,15,0,40,0,0,1,1,1
5,9,0,16,0,0,1,1,0
3,5,0,45,0,0,1,1,0
2,9,1,40,0,0,1,1,0
1,9,1,40,0,0,0,1,0
1,9,0,40,0,0,1,1,0
4,13,0,45,0,0,1,1,1
1,10,1,80,2202,0,1,1,0
0,9,1,40,0,0,0,1,0
1,10,1,40,99999,0,0,1,1
4,15,1,50,0,2559,0,1,1
2,13,0,40,7298,0,1,1,1
1,13,1,40,0,1741,1,1,0
2,10,0,45,0,0,1,1,0
1,13,1,40,0,0,1,1,0
1,4,0,40,0,2179,1,0,0
3,10,1,38,0,0,0,0,0
4,9,0,55,0,0,1,1,0
3,14,0,47,0,0,1,1,1
4,3,0,15,0,0,0,0,0
5,15,0,50,0,0,1,0,1
4,9,0,40,0,1902,1,1,1
3,13,1,50,0,0,1,1,1
3,10,0,40,0,0,1,1,1
4,9,1,40,0,0,0,1,0
2,10,0,40,0,0,1,0,1
0,9,1,20,0,0,0,1,0
3,11,0,50,0,0,1,1,0
1,9,1,40,0,0,1,1,0
4,13,1,50,27828,0,1,1,1
2,10,0,40,7298,0,1,1,1
4,3,1,40,6497,0,1,1,0
1,9,1,40,0,0,0,1,0
2,9,0,40,15024,0,1,1,1
1,10,1,10,0,0,0,1,0
4,5,0,40,0,0,1,1,0
5,10,1,40,0,0,1,1,0
3,10,0,40,0,1887,1,0,1
0,5,1,35,0,0,1,1,0
4,16,0,45,0,2415,1,1,1
1,9,0,50,0,0,0,1,1
1,13,1,40,0,0,1,1,0
0,10,1,30,0,0,1,1,0
2,10,1,40,0,0,1,1,0
0,6,1,25,0,0,0,1,0
4,8,0,40,0,0,1,0,0
1,7,1,40,0,0,0,0,0
1,9,1,40,0,0,1,1,0
2,13,0,40,7298,0,1,1,1
2,13,0,40,0,0,1,1,0
3,13,0,50,0,0,1,1,1
5,10,0,40,6514,0,1,1,1
3,10,1,40,0,0,1,1,0
3,9,0,40,0,0,1,1,0
3,11,0,40,0,0,1,1,0
2,5,1,40,0,0,1,1,0
3,14,0,50,0,0,1,1,1
4,10,1,40,0,0,0,1,0
1,10,1,43,0,0,1,0,0
4,9,0,60,0,0,1,1,0
1,9,0,40,0,0,1,1,0
3,3,1,40,0,0,0,0,0
3,14,1,70,0,0,0,1,0
1,6,1,30,0,0,1,1,0
1,11,1,40,0,0,1,1,0
1,10,0,50,0,0,1,0,0
2,9,1,40,0,0,1,0,0
5,10,0,40,0,0,1,1,0
0,7,1,24,0,0,0,1,0
1,9,1,42,0,0,1,1,0
1,10,1,48,0,0,0,0,0
3,9,0,36,0,0,1,1,0
2,9,0,45,0,0,1,1,0
3,12,1,40,0,0,1,1,1
4,13,0,40,5178,0,1,1,1
4,7,1,40,0,0,1,1,0
2,9,1,50,0,0,1,1,0
1,10,1,40,0,0,1,1,0
5,9,1,16,0,0,0,1,0
3,5,1,40,0,2231,1,1,1
5,9,1,32,0,0,0,1,0
3,9,1,40,0,0,1,1,0
1,10,1,40,0,0,0,1,0
3,10,0,40,0,0,1,1,0
2,9,0,45,3103,0,1,1,1
1,10,0,40,0,0,0,1,1
4,5,0,40,0,0,1,1,0
2,4,1,35,2176,0,1,1,0
1,8,1,40,0,0,1,1,0
5,9,0,32,0,0,1,1,0
4,14,0,40,0,0,1,1,1
1,10,1,20,0,0,1,1,0
4,7,0,40,0,0,1,1,1
2,8,1,40,0,0,0,1,0
3,14,0,43,0,0,1,1,1
1,10,1,20,0,0,1,1,0
3,13,0,40,0,0,1,1,0
3,9,0,40,0,0,1,1,1
1,10,0,19,0,0,0,1,0
1,10,0,40,3103,0,0,1,1
4,3,0,40,0,0,1,0,0
2,10,0,50,0,0,1,1,1
2,9,0,20,0,0,1,1,0
1,9,1,40,0,0,1,0,0
1,9,1,40,0,0,0,1,0
5,6,1,40,0,0,0,1,0
1,10,1,40,0,0,0,1,0
5,10,0,20,0,0,1,1,0
2,10,0,40,0,0,1,1,1
1,13,1,40,0,0,0,1,0
5,10,1,18,0,0,0,1,0
1,9,1,50,0,0,1,1,0
1,13,0,40,0,0,1,1,1
2,10,1,48,0,0,1,1,0
1,13,1,20,0,0,0,1,0
3,16,0,50,15024,0,1,1,1
2,11,1,40,0,0,0,1,0
5,9,1,5,0,0,0,1,0
3,10,0,40,0,0,1,0,1
3,13,1,35,0,0,1,1,0
2,9,1,40,0,0,1,1,0
3,9,0,45,0,0,1,1,1
0,7,1,20,0,0,1,1,0
0,10,1,10,0,0,1,1,0
4,6,0,35,0,0,0,1,0
2,9,0,40,0,0,1,1,0
3,14,0,40,0,0,1,1,1
2,9,0,40,0,0,1,1,1
2,14,0,70,0,0,1,1,0
3,9,0,40,0,0,1,1,1
1,9,1,30,0,0,0,1,0
3,11,0,38,4386,0,1,1,1
1,9,1,40,0,0,1,1,0
4,9,1,40,0,0,0,1,0
5,16,0,20,0,0,1,1,1
3,14,0,40,0,0,1,1,1
5,10,1,40,0,0,0,1,0
2,10,1,35,0,0,0,1,0
2,5,0,40,0,0,1,1,1
2,10,0,40,0,0,1,1,0
2,10,0,15,0,0,0,1,1
2,9,0,45,0,1902,1,1,1
1,10,1,40,0,0,1,1,0
2,9,0,12,0,2179,0,1,0
2,4,1,40,0,0,1,1,0
3,3,0,20,0,0,1,1,0
2,9,0,44,0,0,1,1,1
3,4,0,50,0,0,1,1,1
3,9,1,35,0,0,1,1,0
1,9,1,35,0,0,0,1,0
4,12,0,50,0,0,1,1,0
2,13,1,40,0,0,0,1,0
3,10,0,40,7688,0,1,1,1
4,9,0,40,0,0,1,1,0
1,10,1,40,0,0,0,1,0
1,9,1,40,0,0,1,1,0
2,10,0,40,0,0,1,1,0
3,9,0,40,0,0,1,1,0
3,9,1,40,0,0,1,1,0
4,11,0,40,0,0,1,0,1
1,10,1,20,0,0,0,1,0
3,12,0,40,0,1740,1,1,0
5,16,0,40,0,0,1,0,1
4,9,0,45,0,0,1,1,0
4,9,1,40,0,0,1,0,0
5,2,1,30,0,0,0,0,0
2,13,1,40,0,0,1,1,0
2,13,0,50,0,0,1,1,1
2,11,1,36,0,0,0,1,0
2,10,0,50,0,0,1,1,0
1,10,1,40,0,0,0,1,0
1,12,1,36,0,0,0,1,0
1,10,0,40,0,0,0,1,0
4,14,0,50,0,1902,1,1,1
4,9,1,40,0,0,1,1,0
3,14,0,46,0,0,1,1,1
1,12,1,32,0,0,1,1,0
5,9,1,8,0,0,0,1,0
2,13,0,50,7688,0,1,1,1
2,13,0,40,2407,0,1,1,0
2,10,0,40,0,1740,1,1,0
3,12,0,40,0,0,1,1,1
1,9,1,40,0,0,1,0,0
2,10,1,35,0,0,0,0,0
1,13,0,55,0,0,1,1,0
2,14,0,50,0,0,1,1,0
4,9,1,30,0,0,0,1,0
1,9,1,40,0,1590,1,1,0
3,13,0,40,3103,0,1,1,1
1,10,1,45,0,0,0,1,0
2,9,1,30,0,0,0,1,0
3,10,0,40,0,0,1,1,1
1,12,1,40,0,0,0,1,0
0,9,1,40,0,0,0,1,0
2,12,1,40,0,0,1,1,0
2,14,1,20,0,0,0,1,0
1,3,1,40,0,0,1,0,0
1,13,1,18,0,0,1,1,0
1,13,0,40,0,0,0,1,1
1,9,0,45,0,0,1,1,1
4,16,0,40,0,0,1,0,1
1,9,1,48,2202,0,0,1,0
1,7,1,35,0,0,0,1,0
1,10,1,45,0,0,0,1,0
1,9,0,40,0,0,1,1,0
3,13,1,46,0,0,1,1,0
3,10,1,38,0,0,1,1,0
4,10,1,40,0,0,0,1,0
3,5,1,40,0,0,0,1,0
5,9,1,32,0,0,0,1,0
0,8,1,15,0,0,1,1,0
3,9,1,40,0,0,0,1,0
2,5,0,40,3137,0,1,1,0
1,10,1,40,0,0,1,1,0
3,14,0,40,7298,0,1,1,1
2,15,0,50,99999,0,1,1,1
3,10,1,40,0,0,1,1,0
2,3,0,40,7298,0,1,0,1
3,9,1,50,1151,0,1,1,0
0,8,1,20,0,0,0,1,0
1,10,1,20,0,0,0,1,0
3,11,0,40,0,0,1,1,0
3,9,1,43,0,0,0,1,0
3,9,1,50,0,0,0,1,1
2,9,1,25,0,0,0,1,0
4,9,0,40,0,0,1,1,0
1,9,0,40,0,0,1,1,0
4,9,0,50,0,0,1,0,0
2,13,0,40,0,0,1,1,1
2,11,0,48,0,0,1,1,0
2,10,0,40,0,0,1,1,0
3,10,1,43,0,0,0,1,0
3,7,1,40,0,0,1,1,1
2,9,1,40,0,0,1,1,0
4,14,0,45,0,0,1,1,0
1,10,1,40,0,0,1,1,0
2,9,1,35,0,0,0,0,0
3,9,1,48,0,0,0,1,0
4,4,0,50,0,0,1,1,0
5,9,0,40,0,0,1,1,0
1,10,1,65,0,0,1,1,0
3,14,1,38,0,0,0,1,0
2,10,1,40,0,625,0,1,0
1,9,1,40,0,0,0,1,0
3,9,0,35,0,0,0,1,1
2,13,1,40,0,0,0,1,0
1,13,1,40,0,0,0,1,0
3,4,0,40,4064,0,1,1,0
2,15,0,50,0,0,1,1,1
2,10,0,40,0,2179,1,1,0
1,10,1,35,0,0,1,1,0
4,13,0,40,6849,0,1,1,0
2,9,0,40,0,0,1,1,0
2,10,0,40,0,0,1,1,1
4,9,0,40,0,1977,1,1,1
5,14,1,16,0,0,1,1,0
2,10,0,35,0,0,0,1,0
2,10,1,10,0,0,0,1,0
3,16,0,40,0,0,1,1,1
2,11,0,40,0,0,1,1,1
2,13,0,45,0,2246,1,1,1
3,13,1,40,0,0,0,1,0
0,7,1,24,0,0,0,1,0
3,11,0,43,0,0,1,1,1
3,10,0,40,0,0,1,1,1
1,11,1,40,0,0,0,1,0
2,9,0,25,0,0,0,1,0
1,10,0,40,0,0,1,1,0
4,10,0,40,0,0,1,1,1
2,9,1,40,0,0,1,1,0
0,10,1,24,0,0,0,1,0
3,10,0,40,5013,0,1,1,0
2,11,1,45,0,0,1,1,0
3,9,0,60,0,0,1,1,0
4,10,0,40,3137,0,1,1,0
5,7,0,7,0,0,1,1,0
1,13,0,40,0,0,0,1,0
1,7,1,40,0,0,0,1,0
3,13,0,60,0,0,1,1,1
1,13,1,10,0,0,0,0,0
5,10,0,45,0,0,1,1,0
2,13,1,50,0,0,1,1,0
1,9,0,60,5013,0,1,1,0
5,5,1,24,0,0,1,1,0
3,13,0,40,0,0,1,1,0
3,13,0,50,0,1977,1,0,1
1,12,1,15,0,0,0,1,0
1,9,1,36,0,0,1,1,0
1,10,1,65,0,0,0,1,0
2,9,1,60,0,0,1,0,0
3,13,0,45,0,0,1,1,1
2,9,1,40,0,0,1,1,0
2,13,1,50,0,0,1,1,1
1,9,0,40,2407,0,1,1,0
4,10,1,50,0,0,0,1,0
4,9,0,60,0,0,1,1,1
5,9,1,32,0,0,0,1,0
3,14,0,40,0,0,1,1,1
1,10,1,50,10520,0,1,1,1
0,10,1,15,0,0,0,1,0
1,15,1,10,0,0,1,0,0
2,13,0,40,0,0,0,1,0
2,13,1,50,0,0,0,1,0
1,10,1,12,0,0,1,1,0
1,11,1,40,0,0,1,1,0
2,7,1,40,0,0,0,1,0
1,8,1,40,0,0,0,1,0
2,9,1,40,0,0,0,1,0
2,9,1,40,0,0,1,1,0
3,12,1,40,2354,0,0,1,0
4,10,1,30,0,0,0,1,0
4,9,0,40,0,0,1,1,1
2,9,1,60,0,0,1,1,0
1,8,1,40,0,0,0,1,0
2,12,1,40,0,0,0,1,0
1,9,1,50,0,0,1,1,1
3,9,0,40,5178,0,1,1,1
4,9,0,40,0,0,1,1,1
2,14,1,40,0,0,1,1,0
1,10,1,16,0,0,1,1,0
1,10,1,38,0,0,0,0,0
2,13,1,70,0,0,1,1,0
3,13,0,25,0,0,0,1,1
4,12,0,20,7298,0,1,1,1
2,13,0,40,0,0,0,1,1
3,10,0,45,15024,0,1,1,1
1,9,1,40,0,0,0,1,0
0,8,1,16,0,0,1,1,0
3,9,0,40,0,0,1,1,0
4,9,1,40,0,0,0,1,0
5,5,0,40,2653,0,0,1,0
4,16,0,40,0,0,1,1,1
4,10,1,40,0,1980,0,1,0
2,9,0,40,0,0,1,1,0
5,9,0,65,0,0,1,1,0
3,14,0,65,0,0,1,1,0
2,13,0,50,0,0,1,1,1
3,10,0,45,0,0,1,1,0
1,9,1,40,0,0,0,1,0
2,10,1,38,0,0,0,1,0
3,14,1,38,0,0,0,1,0
3,10,0,40,0,0,1,1,0
3,9,1,35,0,0,0,1,0
1,13,0,50,0,0,0,1,1
4,10,1,45,0,0,0,1,0
1,9,1,40,0,0,1,1,0
2,13,0,65,0,0,1,1,0
1,12,0,30,0,0,1,1,0
4,10,0,48,0,0,1,1,0
1,13,1,40,0,0,0,1,0
2,14,0,25,0,0,1,1,0
5,13,1,10,0,0,0,1,0
2,14,1,11,0,0,1,0,0
0,10,1,28,0,0,1,1,0
2,9,0,40,0,0,1,1,0
2,13,0,40,0,0,1,1,0
1,13,0,55,0,0,1,1,0
3,9,1,40,0,0,1,1,0
0,10,1,20,0,0,0,1,0
4,9,1,40,0,0,1,1,0
2,13,1,40,0,0,0,1,0
3,9,0,40,0,0,1,0,0
4,9,1,40,0,0,0,1,0
4,14,0,40,0,0,1,1,1
5,7,0,37,4386,0,1,1,1
1,9,1,30,0,0,1,1,0
0,8,1,12,0,0,1,1,0
1,10,1,50,0,0,1,1,0
5,4,1,20,0,0,0,1,0
2,11,1,40,0,0,0,1,0
5,9,1,6,0,0,1,1,0
1,9,1,40,0,0,1,1,0
1,10,1,40,0,0,1,1,0
2,10,1,40,0,0,0,1,0
3,9,0,50,5178,0,1,1,1
2,10,0,40,0,0,0,1,1
0,7,1,20,0,0,0,1,0
5,9,0,12,0,0,1,0,0
3,16,0,40,0,0,1,0,1
5,4,1,40,0,0,0,1,0
3,13,1,40,0,0,0,1,0
3,9,1,48,0,0,0,1,0
1,10,1,15,0,0,0,1,0
2,9,1,40,0,0,0,1,0
2,10,0,54,0,0,1,0,0
2,12,1,38,2202,0,1,1,0
4,13,0,20,0,0,1,1,1
2,10,1,35,0,0,0,0,0
4,13,0,40,0,0,1,1,1
0,7,1,8,0,0,0,1,0
4,13,0,40,0,0,1,1,1
2,14,0,37,0,0,1,1,1
2,12,0,50,0,1902,1,1,1
5,10,0,50,0,0,1,1,1
1,8,1,38,0,0,0,1,0
4,9,0,35,0,0,0,1,0
4,9,0,40,0,0,1,1,0
3,9,0,40,0,0,0,0,0
1,9,1,40,0,0,0,1,0
3,9,1,40,0,0,0,1,0
2,9,1,40,0,0,1,1,0
4,9,0,40,0,0,1,1,0
3,9,1,40,0,0,0,1,0
3,9,1,54,0,0,1,1,0
3,13,0,30,0,0,1,1,0
4,9,1,60,0,0,0,0,0
1,10,1,20,0,0,1,1,0
0,7,1,20,0,0,1,1,0
3,4,1,40,0,0,0,1,0
1,10,1,24,0,0,1,1,0
2,11,0,50,0,0,1,1,0
2,13,0,40,0,0,1,1,1
1,13,1,60,0,0,0,1,0
2,9,1,40,0,0,1,1,0
3,10,0,48,0,0,1,1,1
4,10,0,50,0,0,1,1,0
3,15,0,40,0,1977,1,1,1
3,11,0,40,4064,0,1,1,0
2,14,1,65,0,0,1,1,0
3,9,1,40,0,0,1,1,0
0,6,1,5,0,0,0,1,0
2,13,0,40,0,1902,1,1,1
2,9,0,40,0,0,1,0,0
2,12,0,40,0,0,1,0,0
1,9,1,50,4865,0,1,1,0
4,6,1,30,0,0,0,1,0
1,10,1,10,0,0,0,1,0
2,10,1,50,4101,0,0,1,0
0,10,1,35,0,0,0,1,0
3,9,1,50,0,0,0,1,0
3,12,1,38,0,0,0,1,0
1,9,1,40,0,0,0,1,0
1,10,1,45,0,0,1,1,0
4,12,1,25,0,0,0,1,0
4,2,0,40,0,0,1,0,0
5,15,0,25,0,0,1,1,1
0,6,1,20,0,0,0,1,0
5,11,0,15,0,0,1,1,0
4,14,0,40,0,0,1,1,1
1,10,1,20,0,0,0,1,0
0,9,1,40,0,0,1,1,0
2,9,0,52,0,0,1,1,0
2,9,1,52,0,0,1,1,0
2,14,0,40,0,0,1,1,1
2,15,0,40,0,0,1,1,1
1,10,1,20,0,0,0,1,0
2,9,1,45,0,0,1,1,0
0,10,1,30,0,0,0,1,0
1,10,0,50,0,0,1,1,1
3,9,0,40,0,0,1,1,0
3,12,1,40,0,0,1,1,0
5,13,0,40,0,0,1,0,1
2,11,0,40,0,0,1,1,0
5,10,0,40,0,0,1,1,0
0,5,1,20,0,0,0,1,0
1,11,1,36,0,0,0,1,0
5,6,0,28,2936,0,0,1,0
4,9,1,20,0,0,0,1,0
2,9,1,40,0,0,1,1,0
3,9,0,50,0,0,1,1,0
2,10,1,40,0,0,0,1,0
3,13,0,40,15024,0,1,1,1
3,10,1,40,0,0,0,1,0
3,12,0,40,0,0,1,1,0
3,11,0,40,5013,0,1,1,0
2,14,0,70,0,0,1,1,0
3,9,0,40,0,0,1,1,1
3,12,0,40,0,0,1,1,0
1,9,1,40,0,0,1,1,0
3,9,0,35,0,0,0,1,0
1,10,1,25,0,0,1,1,0
2,13,1,40,27828,0,1,1,1
0,6,1,40,0,0,0,1,0
3,9,0,60,0,0,1,1,1
0,8,1,30,0,0,1,1,0
1,10,1,40,4101,0,1,1,0
3,13,0,50,0,0,1,1,1
4,10,0,60,0,0,1,1,0
3,10,1,40,0,0,0,1,0
5,6,1,10,0,0,0,1,0
3,10,1,40,0,0,1,1,0
3,15,0,60,0,1977,0,1,1
2,9,0,40,0,0,1,1,0
2,13,1,60,0,0,1,1,1
2,9,1,35,0,0,1,1,0
5,3,0,40,7298,0,1,0,1
3,9,0,40,0,0,1,1,1
2,9,1,46,0,0,1,1,0
4,7,1,40,0,0,0,1,0
2,12,0,40,0,0,0,1,1
3,6,0,40,0,0,1,1,0
1,13,1,66,0,0,1,0,0
1,13,1,40,0,0,0,1,0
1,11,1,40,0,0,0,1,0
1,16,1,40,0,0,0,1,0
2,12,0,25,0,0,0,1,1
1,13,1,38,0,0,1,1,0
4,4,0,42,0,0,1,1,0
3,12,1,40,0,0,0,1,1
1,10,1,40,0,0,1,1,0
2,10,0,60,0,0,1,1,0
3,13,1,40,0,0,1,1,0
3,11,1,43,0,0,0,1,0
2,9,0,60,0,0,1,1,0
2,6,1,40,0,0,1,1,0
1,9,1,40,0,0,0,1,0
3,10,1,40,0,0,1,1,0
0,7,1,30,0,0,1,1,0
2,15,0,45,0,0,1,1,1
5,4,0,35,0,0,1,1,0
2,10,1,20,0,0,1,1,0
4,13,1,35,0,0,0,1,0
5,9,1,55,2050,0,1,1,0
1,10,1,40,0,0,1,1,0
0,7,1,10,0,0,1,1,0
4,10,0,40,0,0,1,1,1
1,7,1,40,0,0,0,1,0
3,9,0,46,0,0,1,1,1
1,6,1,40,0,155,0,1,0
5,9,0,40,0,0,0,1,1
3,9,0,40,0,0,1,1,0
2,5,0,40,0,0,1,0,0
2,9,0,40,0,0,1,1,1
3,10,0,40,0,0,1,1,0
2,13,0,45,0,0,1,1,0
1,10,1,40,0,0,1,1,0
1,13,0,40,0,0,0,1,1
2,11,0,60,0,0,1,1,0
4,13,0,40,0,0,1,0,0
3,16,0,40,0,0,1,1,1
1,9,1,40,0,0,1,0,0
3,13,1,40,0,0,1,0,0
4,14,0,40,0,0,0,1,1
1,9,1,35,0,0,1,1,0
2,10,1,40,0,0,0,1,0
2,13,0,42,0,0,1,1,1
2,10,0,50,0,0,1,1,0
1,9,1,40,0,0,1,1,0
2,13,0,50,0,0,1,1,1
5,10,0,40,0,0,1,1,1
4,16,0,40,15024,0,1,1,1
1,6,1,40,0,0,1,1,0
2,13,0,36,0,0,1,0,1
2,9,1,40,0,0,1,1,0
4,9,1,50,0,0,1,1,0
2,13,0,20,7688,0,1,1,1
3,9,0,40,0,0,1,1,0
2,14,1,43,0,0,0,1,0
3,16,0,50,7688,0,1,1,1
2,11,0,40,0,0,1,1,0
1,9,1,40,0,0,0,1,0
2,10,0,52,0,0,1,1,1
2,9,1,40,0,0,1,1,0
2,7,1,23,0,0,0,1,0
3,12,1,40,0,0,0,1,0
3,13,0,40,0,0,1,1,0
2,9,1,40,0,0,1,1,0
0,6,1,20,0,0,1,1,0
2,9,1,40,0,0,0,1,0
1,9,1,40,0,0,0,1,0
2,9,0,60,0,0,1,1,0
3,10,1,40,0,0,0,1,1
3,10,1,36,0,0,0,1,0
1,14,0,40,0,0,1,1,0
5,10,0,25,0,0,0,1,0
2,11,1,20,0,0,0,1,0
3,9,0,50,0,0,1,1,0
2,9,1,40,0,0,1,1,0
3,9,1,40,0,0,0,1,0
1,9,0,40,0,0,1,1,0
1,13,1,40,0,0,1,1,0
2,9,0,45,0,0,1,1,0
3,7,0,40,0,0,1,1,0
1,9,1,24,0,0,0,0,0
3,9,0,43,0,0,1,1,1
5,9,0,20,0,0,1,1,0
2,13,0,40,0,0,1,1,1
3,14,0,40,0,0,1,1,0
1,13,1,40,0,0,1,1,0
5,10,0,40,20051,0,1,1,1
2,9,1,60,0,0,1,1,0
1,9,1,25,0,0,1,1,0
3,13,0,52,7688,0,1,1,1
3,9,1,40,0,1590,1,1,0
4,9,0,40,7298,0,1,1,1
2,11,0,40,0,0,1,1,1
5,11,0,48,0,0,1,1,0
2,12,1,40,0,0,0,1,0
3,9,1,60,0,0,0,1,0
4,11,0,50,0,0,1,1,1
4,11,1,40,0,0,0,1,0
3,9,0,40,0,0,1,1,1
0,10,1,20,0,0,0,1,0
2,10,0,55,0,0,1,1,1
1,9,0,18,0,0,0,1,0
5,13,0,40,0,0,1,1,1
1,12,1,5,0,0,1,1,0
2,13,0,70,0,0,1,1,0
3,9,1,14,0,0,0,1,0
1,10,1,10,0,0,1,1,0
2,4,0,40,0,0,1,0,0
5,9,0,40,0,0,1,1,0
2,10,0,40,0,0,1,1,0
5,13,0,60,7298,0,1,1,1
3,9,0,40,0,0,1,1,1
2,10,0,50,0,0,1,1,0
5,10,0,50,20051,0,1,1,1
2,10,1,40,0,0,0,1,0
1,13,1,60,0,0,1,1,0
2,12,0,40,0,0,1,1,1
3,9,0,50,0,0,1,1,1
2,9,1,40,0,0,0,1,0
1,7,0,40,7688,0,1,1,1
2,13,0,40,0,0,1,1,0
3,10,0,40,3103,0,1,1,1
1,9,1,40,2174,0,0,1,0
4,9,1,38,0,0,1,1,0
2,10,0,40,0,0,1,1,0
4,11,0,50,0,0,1,0,1
3,10,0,60,0,0,0,1,0
1,13,1,42,0,0,0,1,0
4,10,1,40,0,0,0,0,0
2,9,0,40,5013,0,1,1,0
3,16,1,70,99999,0,1,1,1
3,9,1,40,0,0,0,0,0
4,9,0,40,0,0,1,1,1
1,10,1,13,0,0,0,1,0
3,11,0,40,0,0,1,1,1
2,13,1,40,0,0,1,1,0
1,12,1,45,0,0,1,1,0
2,9,0,60,0,0,1,1,1
5,13,1,30,0,0,1,1,0
0,9,1,40,0,2001,1,1,0
1,9,1,40,0,0,0,1,0
1,11,1,40,0,0,1,1,0
3,9,1,40,0,0,1,1,0
5,4,0,50,0,0,1,1,0
5,4,1,35,0,0,0,0,0
1,9,0,40,0,0,1,1,0
3,9,0,65,99999,0,1,1,1
2,9,0,40,0,0,1,1,0
2,10,0,56,0,0,1,1,1
1,9,1,50,0,0,1,1,0
1,10,1,30,0,0,1,1,0
1,13,1,20,0,0,1,1,0
3,10,0,40,0,0,1,1,0
2,13,1,45,0,0,1,1,0
1,10,1,50,0,0,1,1,0
3,9,1,48,10520,0,1,1,1
4,13,0,48,0,0,1,1,1
3,9,0,50,0,0,1,1,1
2,10,0,45,0,0,1,1,0
3,13,0,51,0,0,1,1,0
1,9,1,24,0,0,1,1,0
3,13,0,21,0,0,1,1,0
4,10,1,35,0,0,0,1,0
3,11,1,40,0,0,0,1,0
3,9,1,38,0,0,1,1,0
4,9,1,40,0,0,0,1,1
2,6,0,40,0,0,1,1,0
2,13,1,50,0,0,1,1,0
3,9,0,40,0,0,0,1,1
2,13,0,40,0,0,1,1,1
1,13,1,50,0,0,1,1,0
3,13,0,40,0,0,1,1,0
3,9,0,50,0,1672,1,1,0
3,13,0,40,0,0,1,1,0
3,10,1,40,0,0,1,1,0
5,13,0,40,0,0,1,1,0
3,3,1,35,0,0,0,0,0
2,9,1,40,0,1980,1,1,0
3,7,1,40,0,0,1,1,0
0,10,1,35,0,0,1,1,0
1,13,1,15,0,0,0,1,0
3,11,1,63,0,0,0,0,0
2,11,1,40,0,0,1,1,0
1,9,1,40,0,0,1,1,0
2,13,0,40,0,0,0,0,1
2,9,1,40,0,0,0,1,0
2,6,0,40,0,0,1,1,0
2,6,1,40,0,0,1,1,0
4,7,1,40,14084,0,0,1,1
3,9,0,42,0,0,1,1,1
5,2,1,44,0,0,0,0,0
1,10,1,55,2174,0,1,1,0
4,9,1,20,0,0,0,1,0
2,10,1,16,0,0,0,1,0
1,9,1,24,0,0,0,1,0
3,6,1,25,0,0,1,1,0
3,11,0,50,0,1977,1,1,1
3,6,1,35,0,0,0,0,0
5,4,0,40,0,0,1,1,0
5,13,0,12,0,2377,1,1,1
2,13,0,55,0,0,1,1,1
1,10,1,24,0,0,0,1,0
2,9,0,44,0,0,1,1,1
2,9,0,50,0,0,1,1,0
5,4,0,10,0,0,1,1,0
2,7,1,35,0,0,0,1,0
1,10,1,20,0,0,1,1,0
3,9,0,50,0,1902,1,1,1
3,13,0,50,7298,0,1,1,1
4,8,0,45,0,0,1,1,0
1,13,0,50,0,0,0,1,0
1,9,0,30,0,0,1,1,0
4,7,0,30,4386,0,1,1,1
2,13,1,40,0,0,0,1,0
2,13,0,40,0,0,1,1,1
2,13,0,60,0,0,1,0,0
2,9,0,40,0,0,1,0,0
4,9,1,40,0,0,0,1,0
5,9,0,40,0,0,1,1,0
3,10,0,40,0,0,1,1,0
4,13,1,40,0,0,0,1,0
3,13,1,50,10520,0,0,1,1
4,12,0,45,5178,0,1,1,1
2,10,1,60,0,0,0,1,0
1,12,1,40,0,0,0,1,0
4,9,0,40,4386,0,1,1,1
2,14,1,45,4787,0,0,0,1
2,10,0,50,0,0,1,1,0
4,9,0,40,0,0,1,1,1
1,9,0,40,0,0,1,0,0
3,13,0,40,0,0,1,1,1
1,9,1,48,0,0,1,1,0
2,9,0,40,0,0,1,1,0
1,9,1,40,0,0,1,1,0
2,9,1,16,0,0,1,1,0
0,7,1,49,0,0,0,1,0
4,9,1,40,0,0,1,1,0
3,9,1,40,0,0,0,1,0
3,11,1,38,0,0,0,1,0
2,9,1,40,0,0,0,1,0
3,13,0,55,0,1902,1,1,1
5,9,0,25,0,0,1,0,0
1,12,0,45,0,0,1,1,1
4,12,0,40,0,0,1,1,1
2,9,0,50,7688,0,1,1,1
3,11,0,40,0,0,1,1,0
1,13,1,43,0,0,1,0,0
5,9,0,40,0,0,1,1,0
5,16,0,50,0,1902,1,1,1
2,13,1,60,0,0,0,1,0
1,9,1,35,0,0,1,1,0
1,9,1,40,0,0,1,1,0
2,9,1,40,0,0,1,1,0
1,13,1,40,0,0,0,1,0
0,10,1,22,0,0,0,1,0
2,10,1,38,0,0,0,1,0
3,9,0,40,0,0,1,1,0
4,9,0,40,3908,0,1,1,0
2,9,0,53,0,0,1,1,1
1,6,1,40,0,0,0,1,0
3,9,0,50,3137,0,1,1,0
2,13,0,40,0,0,1,1,1
1,10,1,15,0,0,0,1,0
2,9,1,60,0,0,1,1,0
2,9,0,40,0,0,1,1,0
1,10,1,50,0,0,1,1,0
4,14,0,40,99999,0,1,1,1
1,9,1,40,0,0,1,1,0
4,10,0,45,0,0,1,1,1
2,12,0,40,0,0,1,0,1
4,12,0,40,3103,0,1,1,1
4,9,1,40,0,0,1,1,0
2,14,1,40,0,0,0,1,0
2,9,0,40,0,0,1,1,0
4,12,0,40,0,0,1,0,0
4,14,0,40,0,1977,1,1,1
3,9,1,40,0,0,0,1,0
2,10,1,48,0,0,1,1,0
2,9,0,40,3411,0,1,1,0
1,10,1,40,0,0,0,1,0
1,9,0,50,0,0,1,1,0
1,9,1,50,0,0,1,1,0
3,13,0,50,0,0,0,1,1
3,15,0,40,0,0,0,0,0
4,9,1,45,0,0,0,1,0
5,10,0,60,0,0,1,1,0
4,9,0,45,0,0,1,1,0
3,13,0,55,0,0,1,1,1
2,9,0,50,0,0,1,1,1
3,11,1,40,0,0,1,1,0
5,7,1,16,0,0,0,1,0
2,9,0,40,0,0,1,1,0
3,15,0,60,99999,0,1,1,1
3,9,1,60,0,0,1,1,0
4,10,0,38,0,1902,0,1,1
3,10,1,35,0,0,1,1,1
4,9,0,40,0,0,1,1,1
5,10,1,30,0,0,0,1,0
2,9,0,45,0,0,1,1,0
2,11,1,40,0,0,1,1,0
4,13,0,60,0,1902,1,0,1
3,9,1,50,0,0,0,1,0
5,9,0,36,0,0,1,1,0
2,9,0,40,0,0,1,1,0
3,16,1,30,99999,0,1,1,1
3,9,0,40,0,0,1,1,1
1,8,0,40,0,0,1,1,0
1,11,1,40,0,0,1,1,0
1,10,0,40,0,0,1,1,0
2,9,1,40,14344,0,1,1,1
3,13,1,35,0,0,1,1,0
3,14,1,40,0,0,0,1,0
3,9,1,37,0,0,0,1,0
3,15,0,60,15024,0,1,1,1
2,13,0,40,15024,0,1,1,1
0,7,1,15,0,0,1,1,0
3,13,0,70,0,0,1,1,0
3,13,0,20,0,0,1,1,0
1,10,1,25,0,0,0,1,0
3,10,0,50,0,1887,0,1,1
3,9,0,40,0,0,1,1,0
3,13,1,30,0,0,0,1,0
5,7,1,20,0,0,0,1,0
4,9,0,40,0,0,1,1,0
4,9,0,44,0,0,1,1,0
1,10,0,40,2407,0,1,1,0
4,13,1,55,0,0,0,1,0
2,9,1,32,0,0,0,1,0
1,10,1,40,0,0,1,1,0
2,6,0,15,0,1721,0,1,0
3,9,0,40,0,0,1,1,0
3,9,0,45,7688,0,1,1,1
1,10,1,40,0,0,1,0,0
5,10,1,40,0,0,1,1,0
3,13,0,55,0,0,1,1,0
2,10,0,37,0,0,0,1,0
0,8,1,24,0,0,1,1,0
1,10,1,40,0,0,0,1,0
3,9,1,40,0,0,1,1,0
1,10,1,40,0,0,1,1,0
4,13,0,40,0,0,1,1,0
1,10,1,40,0,0,1,1,0
2,13,0,40,0,0,1,1,1
2,13,0,40,0,0,1,1,0
4,10,1,40,0,0,0,1,0
2,10,1,40,0,0,1,1,0
2,9,0,50,0,0,1,1,0
2,4,0,45,0,0,1,1,0
2,3,1,25,0,0,1,0,0
1,13,1,24,0,0,1,1,0
4,9,1,60,0,0,1,1,1
2,9,0,50,0,0,1,1,0
3,9,0,40,0,0,1,1,0
2,9,0,35,0,0,1,0,0
5,13,1,60,0,0,1,1,0
2,9,1,40,0,0,0,1,0
2,11,1,40,0,0,0,1,0
4,13,1,60,0,0,1,1,0
4,9,0,40,0,0,0,1,0
2,14,0,60,0,0,1,1,1
0,6,1,20,0,0,1,1,0
1,9,1,40,0,0,1,1,0
1,10,1,16,0,0,1,1,0
1,9,1,40,0,0,0,1,0
4,9,1,10,0,0,0,1,0
0,7,1,8,0,0,0,1,0
3,11,0,3,0,0,1,1,0
2,9,0,46,0,0,1,1,1
2,12,1,40,0,0,0,1,0
4,13,1,50,0,0,0,1,1
2,13,0,45,0,0,1,1,1
3,9,1,40,0,0,1,0,0
2,10,1,50,0,0,1,1,0
3,15,0,38,0,0,1,1,1
1,10,1,25,0,0,0,1,0
2,16,0,50,0,1887,1,1,1
3,10,1,40,0,0,1,1,0
2,9,1,40,0,0,0,1,0
3,13,1,60,0,0,1,1,0
3,11,1,40,0,0,1,1,0
3,9,1,40,0,0,1,1,0
3,13,0,40,0,0,1,1,1
2,9,1,40,0,0,1,1,0
1,10,1,40,0,0,0,1,0
2,13,0,40,0,0,1,1,0
2,9,1,40,0,0,0,1,0
1,10,0,40,0,1579,0,1,0
4,2,1,45,0,1602,0,0,0
5,13,1,40,0,0,0,1,1
3,10,0,84,0,0,1,1,0
2,9,0,40,0,0,1,1,0
1,9,0,50,3781,0,1,1,0
1,8,1,25,0,0,0,1,0
2,10,0,40,0,0,1,1,0
1,6,0,48,0,0,1,1,0
0,7,1,60,0,0,1,1,0
1,10,1,12,0,0,1,1,0
2,10,0,40,0,0,1,0,1
2,9,0,65,0,0,1,1,0
1,10,1,20,0,0,1,0,0
5,9,0,40,0,0,1,1,0
3,9,1,40,0,0,0,1,0
4,9,0,45,0,0,0,1,0
4,12,0,50,0,0,1,1,1
0,7,1,30,0,0,0,1,0
3,13,0,45,7688,0,1,1,1
1,10,1,55,0,0,1,0,0
2,9,1,40,0,0,1,1,0
4,15,0,40,0,0,1,1,1
2,11,1,40,0,0,1,1,0
3,14,0,35,0,0,1,1,1
5,6,0,55,0,0,1,1,0
3,9,0,40,0,0,1,1,0
1,12,1,20,0,0,0,1,0
2,13,0,65,0,0,1,1,1
1,10,1,60,0,0,0,1,0
1,14,1,40,0,0,1,1,0
1,13,0,50,0,0,0,1,1
2,10,1,60,0,0,0,1,0
2,13,0,60,0,0,0,1,1
2,13,1,40,0,0,1,1,0
3,10,0,40,0,0,1,1,1
2,9,0,40,0,0,1,1,0
5,10,0,40,7298,0,1,1,1
4,12,0,40,0,1902,1,1,1
2,9,1,40,0,0,1,1,0
1,10,1,40,0,0,0,1,0
1,11,1,40,0,0,1,1,0
3,10,0,45,0,0,1,1,1
1,10,1,38,0,0,0,1,0
4,11,0,57,0,0,1,1,0
5,2,0,16,0,0,0,1,0
1,9,1,40,0,0,1,1,0
1,7,0,40,5178,0,1,0,1
3,10,0,40,0,0,1,1,1
4,9,1,38,0,0,0,1,0
5,9,1,3,0,0,0,1,0
1,14,1,40,0,1669,0,1,0
4,5,1,40,0,0,0,1,0
1,12,1,30,0,0,0,1,0
2,6,1,36,0,0,0,1,0
2,15,0,60,0,0,1,1,1
3,10,1,50,0,0,1,1,0
1,10,1,15,0,0,0,1,0
1,10,1,25,0,0,1,1,0
3,10,1,60,0,0,1,0,0
3,12,1,50,0,0,0,1,0
2,12,0,60,0,0,1,1,0
0,8,1,30,0,0,1,1,0
3,9,0,40,0,0,0,1,0
2,9,1,40,0,0,1,1,0
3,9,1,46,0,0,0,1,0
4,14,1,40,0,0,0,1,0
5,10,1,16,0,0,1,1,0
1,10,0,50,0,0,1,1,0
3,9,1,40,0,0,0,1,0
2,9,0,45,0,0,1,1,0
2,14,0,35,7688,0,0,1,1
3,13,1,40,0,0,0,1,0
3,13,0,70,0,1485,1,1,1
2,8,1,40,0,0,0,1,0
3,5,1,40,0,0,0,1,0
2,10,0,40,0,0,1,0,1
1,9,0,30,0,1573,1,1,0
1,13,1,40,0,0,0,1,0
5,10,0,40,0,0,1,1,0
3,13,1,56,0,1980,1,1,0
1,9,0,40,2635,0,0,1,0
3,13,0,50,0,0,1,1,1
2,7,0,40,0,0,1,1,0
2,9,1,50,0,0,1,1,0
1,7,0,40,0,1573,1,1,0
4,9,0,40,0,0,1,1,0
3,10,0,40,7298,0,1,1,1
1,10,1,35,0,0,1,1,0
3,2,0,40,0,0,1,0,0
1,9,1,60,0,0,1,1,0
2,9,0,40,0,0,1,1,0
1,9,1,40,0,0,0,1,0
2,9,1,40,0,0,1,1,0
3,9,1,40,0,0,1,1,0
2,9,0,40,0,0,1,1,0
3,13,0,40,0,0,1,1,0
1,9,0,40,0,1579,1,1,0
1,15,1,40,2176,0,1,1,0
1,10,1,35,0,0,0,1,0
2,6,1,40,0,0,0,1,0
2,14,1,60,0,0,0,1,1
1,9,1,40,0,0,1,1,0
2,11,1,40,0,0,0,0,0
2,9,0,40,0,0,1,1,0
2,9,1,50,0,0,0,1,0
1,10,0,20,0,0,1,1,0
1,10,1,40,0,0,1,1,0
4,14,0,40,0,0,0,1,0
5,7,1,70,0,0,1,1,0
4,10,0,40,0,0,1,1,1
3,9,1,40,0,0,1,1,0
4,13,1,50,0,0,0,1,0
4,10,0,65,0,0,1,1,0
1,9,1,20,0,1594,0,1,0
2,10,0,80,0,0,1,1,1
3,13,0,48,0,0,0,1,1
3,14,0,50,0,0,0,1,1
1,10,1,20,0,0,1,1,0
1,10,1,40,0,0,1,1,0
1,10,1,8,0,0,1,1,0
4,10,0,65,0,0,1,1,0
1,5,1,50,0,0,1,0,0
1,9,1,40,0,0,0,1,0
2,9,0,40,0,0,1,1,1
4,8,1,40,0,0,0,1,0
1,13,1,40,0,0,0,1,0
1,9,0,40,0,0,1,1,0
2,9,1,38,0,0,0,1,0
1,10,0,40,0,0,1,0,0
2,9,1,40,0,0,1,1,0
2,9,1,40,0,0,1,1,0
2,9,0,40,0,0,1,1,1
3,10,0,40,7688,0,1,1,1
3,11,1,45,0,0,0,1,0
2,10,1,35,0,0,0,0,0
2,10,1,24,0,0,1,1,0
1,10,1,40,0,1980,1,0,0
2,12,0,40,0,0,1,1,0
1,10,1,30,0,0,0,1,0
1,10,1,45,0,0,1,1,0
4,4,1,75,0,0,1,1,0
1,13,1,40,0,0,1,1,0
3,13,0,40,0,0,1,1,1
2,6,1,40,0,0,1,1,0
2,9,1,40,0,0,0,1,0
4,10,1,28,0,0,1,0,0
2,13,1,40,0,1741,1,1,0
3,13,1,40,0,0,1,1,0
1,2,0,43,0,0,1,0,0
2,10,0,40,0,0,1,0,0
2,10,1,40,0,2205,0,1,0
3,9,0,40,0,0,1,1,1
3,10,1,50,1506,0,0,1,0
2,13,1,27,0,0,0,1,0
1,10,1,50,0,0,1,1,0
3,9,1,40,0,0,1,0,0
1,10,1,40,0,0,1,1,0
5,9,0,37,0,0,1,1,0
1,13,1,40,0,0,0,1,0
3,10,1,40,6849,0,1,1,0
4,10,0,40,0,0,1,1,1
3,9,1,20,0,0,0,1,0
2,12,1,24,0,0,0,1,0
2,10,1,72,0,0,1,0,0
2,13,0,35,0,1902,0,1,1
3,9,0,35,0,0,1,1,0
5,10,0,24,0,0,1,1,0
1,13,0,40,0,0,0,0,1
3,10,0,60,0,0,1,1,0
2,9,0,45,0,0,1,1,0
1,11,1,40,0,0,1,1,0
5,9,1,25,0,0,0,1,0
3,9,0,38,0,0,1,0,0
3,13,0,40,0,0,1,1,1
5,10,1,40,0,0,0,1,0
4,13,0,50,0,2415,1,1,1
1,13,1,20,0,0,0,1,0
1,13,0,40,0,0,1,1,0
2,13,1,20,0,0,1,1,0
4,9,1,40,0,0,0,1,0
1,4,1,48,0,0,1,0,0
0,10,1,20,0,0,0,1,0
5,10,0,40,0,1740,1,1,0
2,9,1,40,0,0,1,1,0
4,14,0,40,0,0,0,1,1
1,10,0,40,0,0,1,1,1
3,14,1,43,0,0,0,1,0
1,11,1,40,0,0,0,1,0
3,9,0,40,0,0,1,1,0
5,9,0,10,0,0,1,1,0
1,12,0,40,0,0,1,1,1
3,9,1,38,0,0,0,1,0
3,13,1,35,0,0,0,1,0
2,9,1,38,0,0,0,1,0
4,9,0,36,0,0,1,1,0
2,9,1,15,0,0,1,1,0
1,9,1,40,0,0,0,1,0
4,5,1,50,0,0,1,1,0
2,12,1,40,0,0,0,0,0
2,10,0,40,0,0,1,1,0
2,9,1,40,0,0,1,1,0
3,10,1,45,0,0,0,1,0
0,6,1,20,0,0,0,1,0
2,14,0,45,0,0,1,1,1
3,13,1,55,0,0,0,1,0
3,13,1,40,0,1876,0,1,0
4,9,1,40,0,0,0,1,0
1,9,0,40,0,0,1,1,0
3,7,1,40,0,0,1,1,0
3,12,1,40,0,0,0,1,0
2,11,1,35,0,0,1,1,0
3,10,0,50,0,0,1,1,1
5,13,0,35,0,0,1,1,1
3,10,1,39,0,0,0,1,0
3,13,0,60,0,0,1,1,1
1,10,0,40,0,0,1,1,0
4,10,1,40,0,0,0,1,0
2,11,1,40,0,0,1,1,0
3,16,0,40,0,0,1,1,1
0,10,1,25,0,0,0,1,0
1,9,0,65,0,0,1,1,1
3,14,1,55,0,0,0,1,0
5,13,0,50,5178,0,1,1,1
1,10,1,40,0,0,1,0,0
3,13,0,45,0,0,1,0,1
2,9,1,40,0,0,0,1,0
1,11,1,40,0,0,1,1,0
4,9,0,40,0,0,1,0,0
4,9,1,24,0,0,0,1,0
3,13,1,40,0,0,1,1,0
0,7,1,12,0,0,0,1,0
3,14,1,40,0,0,1,1,0
1,9,0,38,0,0,1,1,0
5,9,0,42,0,0,1,1,1
3,16,0,40,0,0,1,0,1
2,2,0,40,0,0,1,0,0
4,14,0,40,0,0,0,1,0
2,9,0,40,0,0,1,1,0
5,4,1,35,0,0,1,1,0
5,13,0,30,0,0,1,1,0
5,4,0,40,0,0,1,1,0
0,6,1,6,0,0,0,1,0
3,9,1,40,0,0,0,1,0
3,13,0,42,0,0,1,1,0
1,10,1,40,0,0,0,1,0
1,10,1,20,0,0,1,1,0
4,11,0,40,0,0,1,1,1
3,9,0,30,0,0,1,0,0
2,10,0,60,0,0,1,1,1
2,13,0,45,0,0,1,1,0
1,9,1,28,0,0,1,1,0
3,13,0,40,0,0,1,1,1
2,10,1,40,0,0,1,1,0
1,10,1,14,0,0,0,1,0
1,9,1,40,0,0,0,1,0
2,13,0,72,0,0,1,1,1
4,4,1,45,0,0,0,0,0
0,8,1,17,0,0,1,1,0
5,6,1,20,0,0,1,1,0
4,9,0,20,0,0,1,1,0
1,10,1,40,0,0,1,1,0
4,9,1,8,0,0,0,1,0
4,2,0,56,0,0,1,0,1
1,9,1,40,0,0,1,1,0
1,9,0,55,0,0,1,1,0
1,10,1,10,0,0,1,1,0
1,13,0,20,0,0,1,1,0
2,13,1,38,0,0,1,1,0
3,13,0,40,0,0,1,1,1
4,9,0,35,0,0,1,1,0
1,10,1,40,0,0,0,1,0
3,9,0,40,0,0,1,1,0
2,9,0,50,0,0,1,1,0
4,9,0,40,7298,0,1,1,1
1,9,0,45,0,0,1,1,0
3,9,1,55,0,0,0,1,0
1,9,0,40,0,0,1,1,1
4,11,1,40,0,0,0,1,0
1,10,1,40,0,0,0,1,0
1,13,1,40,0,0,0,1,0
3,9,1,40,0,0,1,1,0
5,9,1,50,0,2559,1,1,1
2,9,1,40,0,0,1,1,0
2,9,0,40,7298,0,1,1,1
5,9,0,40,0,0,1,1,0
2,13,1,40,0,1741,1,0,0
3,10,0,51,0,0,1,1,0
4,16,1,60,0,0,0,1,0
2,10,0,40,0,0,1,1,1
3,8,1,40,0,0,1,1,0
0,10,1,25,0,0,0,1,0
5,14,1,70,0,0,1,1,1
2,9,0,38,0,0,1,1,0
4,10,0,40,15024,0,1,1,1
1,9,0,40,0,0,1,0,0
2,7,1,40,0,0,1,1,0
3,6,0,42,0,0,1,1,1
4,9,1,40,0,1590,0,1,0
3,9,0,50,0,0,1,1,0
3,9,0,15,0,0,1,1,0
1,10,1,20,0,0,0,1,0
3,13,0,45,15024,0,1,1,1
4,4,0,40,0,0,1,1,0
2,12,0,45,5013,0,1,1,0
1,5,0,32,0,0,1,1,0
3,10,0,55,0,0,1,1,1
5,10,0,16,0,0,1,1,1
1,13,0,50,4064,0,1,1,0
2,13,0,50,0,0,0,0,1
2,6,1,60,0,0,1,1,0
2,8,0,40,0,0,1,1,0
1,10,1,20,2176,0,0,1,0
0,10,1,25,0,0,0,1,0
1,10,0,45,0,0,1,1,0
3,13,0,40,0,0,1,1,0
3,10,0,36,0,0,0,1,0
2,9,1,40,0,0,1,1,0
2,13,0,40,0,0,1,1,1
1,14,1,45,0,0,0,1,0
4,13,0,50,0,0,1,1,0
1,11,1,40,0,0,0,1,0
2,10,1,40,0,0,0,1,0
1,9,0,40,0,0,1,0,0
4,11,1,40,0,0,0,1,0
1,10,0,48,0,0,1,1,1
3,11,1,40,0,0,0,1,0
1,5,1,50,0,0,0,0,0
1,9,1,40,0,0,1,1,0
2,9,0,48,0,0,1,1,1
4,9,0,48,0,0,1,1,0
2,13,0,55,7298,0,1,1,1
1,13,1,20,0,0,0,1,0
3,9,0,40,0,0,1,1,0
1,10,1,40,0,0,1,1,0
3,13,0,60,0,0,1,1,1
2,10,0,50,0,0,1,1,0
3,10,1,40,0,0,0,1,0
5,4,1,50,0,0,0,1,0
5,11,0,40,0,0,0,1,0
3,9,0,8,0,0,0,1,0
1,9,1,40,0,0,0,1,0
3,14,1,60,0,0,0,1,1
2,9,1,40,0,0,0,1,1
2,10,1,40,0,0,0,1,0
1,13,1,40,0,0,1,1,0
1,13,1,40,0,0,1,1,0
1,9,0,45,0,0,1,1,0
1,9,1,45,0,0,1,1,0
2,9,0,40,0,0,1,1,0
3,9,0,60,0,0,1,1,1
3,9,0,72,0,0,1,1,1
1,7,1,48,6497,0,1,1,0
1,10,1,20,0,0,0,1,0
4,9,1,49,0,0,0,0,0
3,10,0,40,3103,0,1,1,1
2,13,1,50,14344,0,0,1,1
2,13,1,50,0,0,1,1,0
3,10,0,18,0,0,1,1,1
1,5,1,40,0,0,1,1,0
4,9,0,60,0,0,1,1,0
3,13,0,45,15024,0,1,1,1
3,15,1,63,14084,0,1,1,1
4,11,0,54,0,0,1,1,1
2,3,0,40,0,0,1,0,0
4,9,1,40,0,0,0,1,0
1,9,1,40,0,0,0,1,0
2,1,0,40,4508,0,0,0,0
5,16,1,20,0,3683,0,1,1
4,9,0,40,3103,0,1,1,1
2,14,1,60,15020,0,0,1,1
4,9,0,35,0,0,1,1,1
3,9,1,35,0,0,1,1,0
3,9,0,40,0,0,1,1,1
2,10,1,40,0,0,1,1,0
2,9,1,40,0,0,1,1,0
2,11,0,45,0,0,1,1,1
3,9,1,40,0,0,0,1,0
2,9,0,40,3781,0,1,1,0
1,5,1,50,0,0,1,1,0
4,9,0,38,0,0,0,1,0
1,9,1,40,0,0,1,1,0
5,10,0,20,10605,0,1,1,1
2,13,1,40,0,0,0,1,0
1,10,1,35,0,0,1,1,0
3,7,0,50,0,1485,1,1,1
4,5,1,40,0,0,0,1,0
3,14,0,55,0,0,1,1,1
3,13,0,40,0,0,1,1,0
3,9,0,20,0,0,0,1,1
3,14,0,50,0,0,1,0,1
2,9,1,40,0,0,0,1,0
3,6,0,35,0,0,1,1,0
1,9,1,64,0,0,0,1,0
4,4,1,40,0,0,0,1,0
4,13,0,50,0,0,1,0,1
2,9,0,40,0,0,1,1,1
3,14,0,70,7298,0,1,1,1
3,16,0,65,0,0,1,1,1
4,13,0,40,0,0,1,1,1
2,9,0,40,0,0,1,1,1
1,9,1,40,0,0,1,1,0
1,9,1,40,0,0,0,1,0
1,9,0,40,0,0,1,1,1
4,13,0,60,0,0,1,1,1
1,10,1,40,1831,0,0,1,0
1,10,1,40,0,0,0,1,0
2,13,0,38,0,0,0,1,0
2,9,0,40,3137,0,0,1,0
3,13,0,40,5178,0,1,1,1
3,9,0,40,0,0,1,0,0
2,10,0,40,0,0,1,1,1
1,10,1,40,0,0,1,1,0
1,9,1,40,0,0,1,1,0
3,12,1,50,0,0,1,1,0
3,13,1,50,0,0,0,1,0
4,9,0,60,0,0,1,1,1
4,12,1,5,0,1408,0,1,0
2,10,0,40,0,0,1,1,0
4,9,1,35,0,0,0,1,0
1,10,1,30,0,0,1,1,0
0,4,1,40,0,0,1,0,0
1,10,1,40,0,0,0,1,0
2,7,0,40,0,0,0,1,0
1,9,1,40,0,0,0,1,0
2,9,1,35,0,0,0,0,0
4,8,0,40,0,0,1,1,0
4,15,1,50,0,0,1,1,1
4,9,0,50,0,0,1,1,0
1,10,1,16,0,1602,1,1,0
2,9,1,40,0,0,1,1,0
1,9,0,40,0,0,1,1,0
0,9,1,25,0,0,1,1,0
1,10,1,20,0,0,1,1,0
3,9,0,40,0,0,0,1,1
3,7,1,15,0,0,0,1,0
3,10,1,30,0,0,0,1,0
3,10,0,40,0,0,1,1,1
3,9,0,40,0,0,1,1,1
2,13,1,50,0,0,1,0,0
2,16,1,60,0,0,1,1,0
2,10,0,40,0,0,1,1,0
5,6,0,35,0,0,1,1,0
1,13,1,40,0,0,0,1,0
1,10,1,37,0,0,0,1,0
1,9,1,40,0,0,1,1,0
3,10,1,15,0,0,0,1,0
2,13,1,40,0,0,0,0,0
4,14,0,55,0,0,1,1,1
1,10,1,40,0,0,1,1,0
4,7,0,52,0,0,1,1,0
3,9,1,40,0,0,1,1,0
1,10,1,40,0,0,1,1,0
1,10,1,40,0,0,0,1,0
3,11,0,40,0,0,1,1,1
4,13,1,35,0,0,0,1,0
1,5,1,40,0,0,1,1,0
1,10,1,40,0,2001,0,1,0
3,13,0,50,15024,0,1,1,1
1,10,1,35,0,0,1,1,0
2,9,1,38,0,0,1,1,0
2,9,1,40,0,0,1,1,0
3,10,1,40,0,0,1,1,0
1,9,0,40,0,0,1,1,0
2,10,1,50,0,0,0,1,0
2,11,0,45,0,0,1,1,0
0,10,1,45,0,0,1,1,0
5,9,1,40,0,0,0,1,0
1,10,1,15,0,0,1,1,0
1,13,1,48,0,0,1,1,0
5,10,1,80,0,0,1,1,0
2,3,1,40,0,0,1,0,0
1,10,1,8,0,0,0,1,0
0,7,1,20,0,0,0,1,0
0,8,1,14,594,0,1,1,0
2,13,0,60,3103,0,1,1,1
2,9,0,45,0,0,1,1,1
2,13,0,40,0,1887,1,1,1
1,3,1,40,0,0,1,0,0
1,10,1,35,0,0,0,1,0
2,10,0,40,0,0,1,1,0
1,9,1,40,0,0,1,1,0
1,9,1,30,0,0,1,1,0
0,9,1,22,0,0,1,1,0
1,13,1,40,0,0,1,1,0
2,9,0,42,0,0,1,1,0
2,10,1,50,0,0,1,1,0
1,9,0,40,0,0,1,1,0
3,9,0,35,0,0,0,1,0
2,6,0,35,0,0,1,1,0
3,9,0,45,0,0,1,1,1
3,10,1,40,0,0,0,1,0
1,6,1,40,0,0,1,1,0
2,12,0,50,0,0,1,1,0
1,12,1,40,0,0,1,1,0
1,9,1,40,0,0,0,1,0
1,6,1,40,0,0,0,1,0
5,13,0,40,0,0,1,0,1
5,9,1,20,0,0,1,1,0
1,9,1,40,0,0,1,1,0
1,10,1,30,0,0,0,0,0
2,9,0,40,0,0,0,0,0
4,14,1,60,4787,0,0,1,1
3,10,0,60,0,0,1,1,0
3,14,0,50,0,0,1,1,1
3,8,0,40,7688,0,1,1,1
5,9,0,15,0,0,1,1,0
1,9,1,40,0,0,1,1,0
1,7,0,35,0,0,1,1,0
2,9,0,40,3781,0,1,1,0
1,9,1,40,0,0,0,1,0
0,10,1,15,0,0,0,1,0
4,2,1,40,0,0,0,0,0
2,12,1,40,0,0,0,1,0
1,9,1,40,0,0,1,1,0
1,11,0,40,0,0,1,0,0
1,10,1,40,0,0,1,1,0
1,9,0,99,0,0,1,1,0
1,13,1,40,0,0,0,1,0
4,13,0,45,0,0,1,1,1
2,9,0,60,0,0,1,1,1
3,9,0,36,0,0,0,0,1
1,10,1,40,0,0,1,0,0
2,7,0,60,0,0,1,1,0
3,5,0,40,0,0,1,0,0
0,7,1,20,0,0,1,1,0
3,10,0,48,0,0,1,1,0
2,13,0,40,0,0,1,1,0
1,10,1,45,0,0,1,1,0
4,4,0,40,0,0,1,0,0
2,13,0,40,0,0,1,1,0
2,13,0,42,3103,0,1,1,1
3,10,1,40,0,0,0,1,0
2,13,0,80,7298,0,1,1,1
4,13,0,60,0,0,1,1,1
3,10,0,40,0,1902,0,1,1
4,10,0,40,0,0,1,0,0
3,10,1,38,0,0,0,1,1
1,7,0,40,0,0,1,1,0
2,4,0,45,0,0,1,0,0
2,12,0,40,0,0,1,0,0
2,10,0,40,3908,0,1,1,0
0,7,1,12,0,1602,0,1,0
5,10,0,20,0,0,1,1,0
2,10,0,40,0,1740,1,1,0
4,10,0,60,0,1902,1,1,1
3,13,0,65,0,0,1,1,0
4,10,0,52,0,0,1,1,0
3,13,0,40,15024,0,1,1,1
1,14,1,50,0,0,0,1,0
4,6,1,40,0,0,1,1,0
2,10,0,35,0,0,0,1,1
2,6,0,40,3464,0,0,1,0
3,10,1,40,0,0,0,1,0
3,11,1,44,0,0,0,1,0
1,10,1,60,0,0,1,1,0
2,13,1,40,0,0,0,1,0
2,13,1,40,0,0,0,1,0
3,10,1,65,0,0,1,1,1
3,9,0,45,4386,0,1,1,1
3,13,1,40,0,1590,1,0,0
5,15,0,40,99999,0,1,1,1
1,10,1,25,0,0,1,1,0
2,13,1,40,0,213,0,0,0
1,10,0,40,0,0,1,1,1
3,9,0,40,0,0,1,1,0
3,14,1,35,0,0,0,1,0
3,9,0,48,0,0,1,1,0
2,13,0,50,0,1887,1,1,1
3,16,0,40,0,0,1,1,1
0,6,1,18,0,1602,0,1,0
4,11,0,50,0,0,1,1,1
3,10,1,40,0,0,1,1,0
1,10,1,25,0,0,0,1,0
2,11,1,40,0,0,0,1,0
4,10,0,55,3103,0,1,1,1
2,9,1,40,0,0,0,1,0
2,10,0,48,0,0,1,1,0
4,9,0,40,0,0,1,1,1
1,10,1,27,0,0,0,1,0
3,9,0,40,0,0,1,1,1
3,10,1,40,0,0,1,1,0
2,15,0,40,0,1740,1,0,0
1,12,0,45,7688,0,0,1,1
4,9,1,40,0,0,1,0,0
5,6,0,40,0,0,1,1,0
3,10,1,40,0,0,0,1,0
3,9,1,40,0,1590,0,0,0
3,9,0,60,0,0,1,1,0
3,9,0,50,0,0,1,1,0
2,13,1,50,0,0,0,0,1
3,10,1,40,0,0,0,1,0
1,3,1,12,0,0,0,0,0
2,16,0,50,0,0,1,0,0
1,9,1,40,0,0,1,1,0
1,10,0,15,0,0,0,1,0
4,11,0,40,4386,0,1,1,1
4,13,0,37,0,0,1,1,1
2,9,1,48,0,0,1,1,1
2,11,1,40,0,0,0,1,0
0,7,1,20,0,0,0,1,0
3,10,0,57,0,0,1,1,0
4,13,0,20,0,0,1,1,1
1,9,1,40,0,0,1,1,0
2,10,0,50,7688,0,1,1,1
4,13,0,38,0,0,1,1,1
4,14,0,45,0,0,1,1,1
2,12,1,40,0,0,1,1,0
1,13,1,40,0,0,0,1,0
4,9,1,60,0,0,1,1,1
3,13,0,40,0,0,1,1,1
2,9,0,40,7298,0,1,1,1
2,9,0,40,0,0,1,1,0
1,9,1,36,0,0,0,1,0
4,9,1,30,0,0,1,1,0
2,10,1,20,0,0,0,1,0
1,10,1,50,0,0,1,1,0
5,4,1,40,0,0,0,1,0
2,10,1,35,0,0,0,1,0
2,9,1,50,0,0,0,0,0
4,5,0,40,0,0,1,1,0
2,9,1,48,0,0,0,1,0
3,13,1,40,0,0,0,1,0
2,9,1,40,0,0,0,1,1
4,9,1,35,2202,0,0,0,0
2,11,0,60,0,0,1,1,1
1,10,1,20,1055,0,1,1,0
3,9,0,50,0,0,0,1,0
3,14,0,50,0,0,0,1,1
1,10,1,35,0,0,1,1,0
4,4,0,50,0,0,1,1,0
3,11,0,42,0,0,1,1,0
0,9,1,14,0,0,0,1,0
1,11,0,50,0,0,0,0,0
2,9,0,40,7688,0,1,1,1
1,10,1,40,0,0,1,1,0
1,13,1,40,0,0,1,1,0
3,14,0,40,0,0,1,1,1
3,9,1,43,0,0,0,1,0
5,9,1,20,0,0,0,1,0
2,10,0,40,7298,0,0,1,1
5,10,0,34,15024,0,0,1,1
2,9,1,30,0,0,0,1,0
2,9,0,40,0,0,0,1,1
1,6,0,40,0,0,1,1,0
2,9,0,20,0,0,0,0,0
2,9,0,40,0,0,1,1,0
3,9,1,40,0,0,0,1,0
1,10,0,50,0,0,1,1,0
4,10,1,40,0,0,1,1,0
1,10,1,45,0,0,1,1,0
3,9,0,60,0,0,1,1,1
1,9,1,40,0,0,1,1,0
1,13,1,60,0,0,1,0,0
2,13,0,40,0,0,1,1,0
2,13,1,60,3325,0,1,1,0
4,10,1,40,0,0,0,1,0
4,16,0,57,0,0,1,1,1
4,13,0,20,7688,0,1,0,1
2,11,1,40,2354,0,0,1,0
2,9,1,30,0,0,1,1,0
3,9,1,40,0,0,0,1,0
5,10,0,40,0,0,0,1,1
2,10,0,40,0,0,1,0,0
2,5,1,40,0,0,0,0,0
3,9,1,40,0,0,0,1,0
5,10,1,12,0,0,0,1,0
3,11,1,45,0,0,0,1,0
2,13,1,50,0,0,0,1,0
0,10,1,15,0,0,0,1,0
0,7,1,15,0,0,1,0,0
1,8,1,30,0,0,1,1,0
2,13,0,55,0,0,1,1,1
1,14,0,20,0,0,0,1,1
0,9,1,50,0,0,1,1,0
1,9,1,40,0,0,0,1,0
2,9,0,55,0,0,1,1,0
0,9,1,40,0,0,0,1,0
4,9,1,45,4865,0,1,1,0
1,12,1,32,0,0,0,1,0
4,9,0,40,7688,0,1,1,1
3,10,0,55,0,0,1,1,1
3,10,0,15,0,1902,1,1,1
5,6,0,40,0,0,1,1,0
3,14,0,50,0,0,1,1,0
2,13,0,40,0,0,1,0,1
2,13,1,40,0,0,1,1,0
4,9,0,40,0,0,1,1,1
4,10,1,40,0,0,0,1,0
1,9,0,40,0,1740,1,1,0
1,9,1,40,0,1594,0,1,0
4,12,0,48,3103,0,1,1,1
3,11,1,56,0,0,0,1,1
4,9,0,15,0,0,1,1,0
3,7,0,60,0,0,1,1,0
3,10,1,40,0,0,1,1,0
3,10,0,40,0,0,1,1,0
5,14,0,45,0,0,1,1,1
3,12,1,35,0,0,1,1,0
4,5,0,50,0,0,1,1,1
1,9,1,40,0,0,1,1,0
2,9,0,60,0,0,1,1,1
3,13,0,50,0,0,1,1,0
5,11,0,50,0,0,1,1,0
2,9,1,40,0,0,1,1,0
5,12,0,30,2290,0,1,0,0
1,10,1,20,0,0,1,1,0
1,9,1,50,0,0,1,1,0
4,15,0,60,0,0,1,1,1
2,15,0,40,0,0,1,1,0
1,10,1,40,0,0,1,1,0
2,9,1,55,0,0,1,1,0
4,10,1,40,0,0,0,1,0
2,12,1,50,0,0,1,1,0
3,14,0,40,0,0,1,0,1
3,13,0,40,0,0,1,1,1
3,12,0,40,0,0,1,1,0
3,13,1,45,0,0,1,0,1
0,6,1,20,0,0,1,0,0
3,9,0,40,0,0,1,1,0
3,12,0,40,0,0,1,1,0
3,13,0,35,0,0,1,1,1
2,13,1,55,0,0,0,1,0
4,14,1,40,0,0,1,1,1
2,10,0,50,0,0,1,1,0
3,13,0,70,0,0,1,1,1
1,10,1,50,0,0,0,1,0
2,10,1,65,0,0,1,1,1
2,9,1,40,0,0,0,1,0
3,10,1,42,0,0,0,1,0
2,9,0,40,0,0,1,1,1
3,16,0,56,0,0,1,1,1
5,9,0,12,9386,0,1,1,1
1,10,1,40,0,0,1,1,0
3,10,0,20,0,0,1,1,1
0,8,1,10,0,0,1,1,0
1,13,1,10,0,0,1,1,0
2,13,1,45,0,0,1,1,0
3,10,0,48,0,0,1,1,1
3,15,0,60,0,0,1,1,1
2,8,1,40,0,0,0,1,0
1,9,1,40,0,0,0,0,0
2,14,0,40,0,0,0,1,0
1,10,1,42,0,0,1,1,0
0,10,1,16,0,1719,1,1,0
1,9,1,40,0,0,0,1,0
5,10,1,40,0,0,1,1,0
2,12,0,50,0,0,1,1,1
4,13,1,50,8614,0,1,0,1
3,9,1,20,0,0,0,1,0
2,11,0,36,0,0,1,0,1
1,10,1,45,0,0,1,1,0
4,14,0,47,0,0,1,1,1
3,10,0,58,0,0,1,1,1
3,14,1,35,0,0,0,1,0
4,14,0,40,0,0,1,1,1
2,16,0,50,0,0,1,1,1
3,13,1,40,2977,0,0,1,0
0,9,1,20,0,0,1,1,0
3,10,0,25,0,0,0,1,0
3,12,0,45,0,0,1,1,1
3,10,1,55,0,0,1,1,0
2,9,0,40,5013,0,1,1,0
2,7,1,40,0,0,0,1,0
1,10,0,55,0,0,1,1,0
5,5,0,58,0,0,1,1,1
1,9,0,40,0,0,1,1,0
2,10,1,10,0,0,0,1,0
4,9,0,60,0,0,1,1,1
1,11,1,50,0,0,1,1,0
2,8,0,40,0,0,1,1,0
1,10,1,50,0,0,1,1,0
2,9,0,50,0,0,1,1,0
3,13,0,45,0,0,1,1,1
2,11,1,26,0,0,0,1,0
3,13,0,40,0,0,1,1,1
2,9,1,40,0,0,0,1,0
4,10,0,44,0,0,1,1,1
2,9,0,40,0,0,0,1,1
4,9,1,35,0,0,0,1,0
1,9,0,25,0,0,0,0,0
5,13,0,40,0,0,1,1,1
1,9,0,40,0,0,1,0,0
3,13,1,40,0,0,1,1,0
3,11,0,35,0,0,0,1,0
4,9,0,40,0,0,1,1,0
3,9,0,40,0,0,0,1,0
3,9,1,30,0,0,1,1,0
2,5,1,55,114,0,1,1,0
5,13,0,40,15024,0,1,1,1
1,9,0,40,0,0,1,1,0
2,14,1,50,0,0,1,1,0
2,13,0,48,0,0,1,1,1
4,9,0,40,0,0,1,1,0
4,9,0,40,0,0,1,1,0
4,9,0,45,0,1485,1,1,1
3,9,0,40,0,0,1,1,0
1,13,1,30,0,0,0,1,0
2,9,0,40,0,0,0,1,0
4,12,0,99,2407,0,1,1,0
0,10,1,9,0,0,1,1,0
1,9,1,40,0,0,0,1,0
5,6,0,40,0,0,1,1,0
2,14,0,40,0,0,0,1,1
1,10,0,40,0,0,1,1,0
2,10,0,45,0,0,0,1,0
2,9,1,25,0,0,0,1,0
5,9,0,30,0,0,1,1,0
5,13,1,45,0,0,1,1,0
2,9,1,40,0,0,0,1,0
0,10,1,25,0,0,1,1,0
4,9,1,25,0,0,0,1,0
2,9,0,40,0,0,1,1,0
4,16,0,60,0,0,1,1,1
2,9,0,40,0,0,0,1,0
2,13,0,55,0,0,1,1,1
2,11,0,32,0,0,0,1,0
2,5,0,40,0,0,0,1,0
0,9,1,60,0,0,1,1,0
2,9,0,35,0,0,1,1,0
0,8,1,20,0,0,0,1,0
1,10,1,40,0,0,0,1,0
1,6,1,35,0,0,0,1,0
0,10,1,20,0,0,1,1,0
1,4,0,40,0,0,0,0,0
2,10,1,40,0,0,0,1,0
2,11,0,40,0,0,0,1,1
4,16,0,45,15024,0,1,1,1
3,12,0,40,0,0,1,1,1
3,9,0,40,0,0,1,1,0
1,7,0,65,0,0,1,1,0
4,13,0,40,0,0,1,1,1
3,9,0,40,0,0,1,1,1
3,10,1,40,0,0,0,1,0
4,13,0,40,7298,0,1,1,1
2,9,1,40,0,0,0,1,0
2,13,0,50,0,0,1,1,1
4,15,0,70,0,0,1,1,1
2,9,1,36,0,0,0,1,0
3,16,1,35,0,0,1,1,0
1,11,1,36,0,0,0,1,0
3,9,0,40,0,0,1,1,1
1,10,0,40,0,0,0,1,0
1,13,1,50,0,1590,1,1,0
0,9,1,20,0,0,0,1,0
2,9,0,40,0,0,1,1,1
3,12,0,52,0,0,1,1,0
4,6,0,40,0,1977,1,1,1
5,10,1,44,0,0,1,1,1
2,13,1,40,0,0,0,1,0
2,12,0,40,0,0,1,1,0
1,9,1,25,0,0,1,1,0
1,10,0,25,4064,0,0,1,0
2,10,1,35,0,0,1,1,0
4,13,0,60,0,0,1,1,1
3,9,1,44,0,2258,1,1,1
1,9,0,30,0,0,0,1,0
1,9,1,20,0,0,0,1,0
0,9,1,35,0,0,1,1,0
2,9,1,40,0,0,0,1,0
3,9,0,40,0,0,0,1,1
1,14,1,40,2174,0,0,1,0
1,9,1,35,0,0,1,1,0
4,9,0,40,0,0,0,1,0
2,10,0,40,0,0,1,1,0
4,9,0,45,0,0,1,1,1
2,12,1,60,0,0,1,1,0
2,16,1,50,0,0,1,0,1
4,9,1,38,0,0,1,1,0
3,10,0,38,5178,0,1,1,1
3,9,0,44,15024,0,1,1,1
1,11,1,40,0,0,1,1,0
3,9,1,50,0,0,1,1,0
3,4,1,40,0,0,1,0,0
1,9,0,40,0,0,1,1,0
1,13,0,40,0,0,1,1,0
2,7,0,40,0,0,1,1,0
3,10,1,48,0,0,0,1,0
5,4,1,24,0,0,0,1,0
1,11,0,50,0,0,1,1,0
0,9,1,35,0,0,1,1,0
0,6,1,12,0,0,0,1,0
4,10,1,40,0,0,0,1,0
3,11,0,40,0,0,1,1,0
1,10,0,40,0,0,0,1,0
1,10,1,22,0,0,1,1,0
3,13,1,50,0,0,0,1,0
2,13,1,40,0,0,0,1,0
0,6,1,30,0,0,1,1,0
0,8,1,20,0,0,1,1,0
4,15,0,50,15024,0,1,1,1
4,9,1,40,0,0,0,1,0
1,9,0,40,0,0,1,1,0
0,8,1,40,1055,0,0,1,0
1,5,1,40,0,0,0,0,0
4,9,0,40,0,0,1,1,1
2,9,1,40,0,0,0,1,0
3,14,0,50,0,0,1,1,1
1,5,1,40,0,0,0,1,0
4,9,0,40,0,0,1,1,0
4,5,0,40,0,0,1,1,0
4,6,1,25,0,0,0,1,0
4,14,0,40,0,0,1,1,1
1,9,1,40,0,0,1,0,0
2,13,0,45,0,0,1,1,1
1,10,1,30,0,0,0,0,0
1,9,1,40,0,0,1,1,0
1,11,1,40,0,0,0,1,0
4,10,1,50,0,0,0,1,0
1,9,0,40,0,0,0,1,0
2,10,0,40,0,0,1,1,0
1,10,1,40,0,0,0,1,0
2,8,0,43,0,0,1,1,0
3,9,1,40,0,0,1,1,0
0,10,1,15,0,0,0,1,0
5,13,0,40,0,0,1,1,1
3,9,1,25,0,0,0,1,0
2,15,1,50,0,0,1,1,0
4,9,0,40,0,0,1,1,0
1,10,1,40,0,0,1,1,0
2,10,0,68,0,0,1,1,0
2,10,1,35,0,0,0,1,0
5,13,1,10,0,0,0,1,0
2,9,0,36,0,0,1,1,1
3,13,0,70,7688,0,1,1,1
2,14,0,45,0,1977,1,1,1
3,10,1,40,0,0,1,1,0
3,13,1,50,0,0,1,1,0
5,9,0,45,0,0,1,1,1
1,13,0,45,0,0,1,1,0
2,9,0,65,0,0,1,1,0
1,9,1,50,0,0,0,1,0
3,13,1,45,0,0,0,1,0
3,10,1,35,0,0,0,1,0
1,14,1,40,0,0,1,1,0
1,10,1,40,0,0,0,1,0
1,9,1,40,0,0,0,1,0
5,9,0,40,0,0,1,1,0
1,10,1,60,0,0,1,1,0
2,10,1,40,0,0,1,1,0
3,10,0,50,0,1887,1,1,1
2,10,0,60,0,0,1,1,0
1,13,1,45,0,0,0,1,0
1,10,1,55,0,0,1,1,0
3,9,0,40,0,0,1,1,0
2,10,0,55,0,0,1,1,1
5,9,1,50,0,1876,1,1,0
1,9,1,40,0,0,1,1,0
2,11,0,42,7298,0,1,1,1
3,9,0,40,0,0,1,1,0
4,11,1,35,0,0,0,1,0
3,9,1,40,0,0,0,1,0
3,13,0,40,0,2415,1,1,1
2,12,1,42,0,0,0,1,0
5,13,0,40,0,0,0,0,1
3,10,1,60,0,0,1,1,0
3,10,1,35,0,0,0,1,0
4,10,0,35,0,0,1,1,0
1,14,0,30,0,0,1,1,0
1,10,1,40,0,0,1,1,0
4,10,1,40,0,0,0,1,0
1,15,1,50,0,0,1,1,0
4,9,0,40,0,0,1,1,0
2,7,0,50,0,0,1,1,0
4,9,1,38,0,0,1,1,0
2,10,0,40,0,0,1,0,0
4,10,0,55,0,0,1,1,0
3,5,1,40,0,0,0,1,0
3,12,0,66,0,0,1,0,0
1,9,0,40,0,0,1,1,0
1,9,1,25,0,0,0,1,0
2,2,1,24,0,0,0,1,0
3,9,0,40,0,0,1,1,0
2,12,0,50,0,0,1,1,0
1,10,1,50,0,0,1,1,0
2,10,0,55,0,0,1,1,0
5,9,1,24,0,0,0,1,0
3,13,1,45,0,0,1,1,1
0,10,1,3,0,0,1,1,0
4,6,0,50,0,0,1,1,0
1,13,1,40,0,0,0,1,0
3,13,0,50,0,0,1,0,1
2,4,0,40,2829,0,1,1,0
4,7,0,40,0,0,1,1,0
4,9,0,40,0,0,1,1,0
1,12,0,50,0,0,1,1,0
1,10,1,20,0,0,0,1,0
5,2,1,40,0,0,1,1,0
4,9,0,55,0,0,1,1,1
2,13,1,50,0,0,1,1,0
1,9,1,40,0,0,0,1,0
3,9,1,40,0,0,1,1,0
4,5,0,40,0,0,1,1,0
3,7,0,40,0,0,1,1,0
3,9,0,40,0,0,1,1,1
2,10,0,38,0,1651,1,1,0
1,15,1,55,0,0,0,1,0
4,10,0,24,0,0,0,1,0
0,9,1,24,0,0,0,1,0
4,9,1,40,0,0,1,1,0
1,13,1,40,0,0,0,1,0
3,13,0,60,0,0,1,1,0
1,9,1,33,0,0,0,1,0
3,9,0,38,0,0,0,1,0
3,9,0,40,0,0,1,1,0
1,9,1,35,0,0,0,1,0
1,10,1,40,0,0,1,1,0
3,13,1,42,0,0,1,0,0
2,9,0,40,0,0,1,1,0
2,9,1,18,0,0,1,1,0
1,10,1,40,0,0,0,1,0
3,9,1,40,0,0,0,1,0
2,11,0,40,0,0,1,1,0
2,10,1,40,0,0,1,1,0
3,13,0,50,15024,0,1,1,1
5,10,0,40,15024,0,1,1,1
1,9,0,45,0,0,1,1,0
2,13,0,50,15024,0,1,1,1
3,10,0,40,0,0,1,1,1
2,9,0,40,2407,0,1,1,0
4,9,0,40,0,0,1,1,0
1,13,1,40,0,0,0,1,1
3,9,0,40,0,0,1,0,0
1,10,1,37,0,0,0,1,0
1,9,1,19,0,0,0,1,0
2,10,1,40,0,0,0,1,0
2,10,0,50,0,0,1,1,0
0,9,1,45,0,0,1,1,0
2,11,1,60,0,0,1,1,0
1,13,0,30,0,0,0,1,1
5,14,0,40,0,0,1,1,0
3,9,0,40,0,0,0,1,0
5,9,0,24,0,0,1,1,0
1,10,1,40,0,0,0,0,0
3,13,0,60,0,0,1,1,1
1,9,1,40,0,0,1,1,0
3,13,0,40,0,0,1,1,0
2,10,1,40,0,0,0,1,0
4,13,0,40,0,0,1,1,1
2,9,1,50,8614,0,1,1,1
4,9,1,25,0,0,1,1,0
3,14,0,55,0,0,1,1,1
2,13,1,40,0,0,1,1,0
4,5,0,40,0,0,1,1,0
3,10,1,50,0,0,0,1,0
1,10,1,20,0,0,1,1,0
1,11,1,40,0,0,0,1,0
1,10,0,40,0,0,1,1,1
4,10,0,40,0,0,1,1,0
3,10,1,38,0,1590,0,1,0
2,7,0,40,0,0,1,1,0
1,9,1,40,0,0,1,1,0
2,9,1,40,0,0,1,1,0
3,13,1,50,0,0,1,1,0
4,14,0,70,7688,0,1,1,1
1,10,1,40,0,0,0,1,0
1,10,1,40,0,0,0,0,0
2,9,1,40,0,0,0,1,0
1,9,1,30,0,0,0,1,0
3,12,1,25,0,0,1,1,0
0,9,1,30,0,0,1,1,0
2,9,1,40,0,0,1,1,0
2,13,0,40,0,0,1,1,1
3,10,1,35,0,0,0,1,0
2,13,0,50,0,0,1,1,1
3,14,1,40,0,0,0,1,0
2,11,1,65,0,0,0,1,0
1,11,1,40,0,0,0,1,0
3,14,1,35,0,0,1,1,1
3,10,0,40,0,0,1,1,0
1,9,1,25,0,1719,1,1,0
2,11,1,45,0,0,1,1,1
1,9,1,35,0,0,1,1,0
1,9,1,40,0,0,0,1,0
3,9,1,40,0,0,0,1,0
4,14,0,50,0,0,1,1,1
1,9,0,40,0,0,0,1,0
1,10,1,12,0,0,0,1,0
2,10,0,40,0,0,1,1,0
3,9,0,40,0,0,1,1,0
2,9,1,40,0,0,0,1,0
3,13,0,45,0,0,1,0,1
5,11,1,40,0,0,0,1,0
2,10,0,40,0,0,1,1,0
2,7,0,40,0,0,1,1,0
1,9,1,40,0,0,1,1,0
2,13,1,60,14084,0,0,1,1
1,10,1,40,0,0,1,1,0
2,13,1,40,0,0,0,0,0
3,9,0,40,0,0,1,1,1
1,11,1,35,0,0,1,1,0
3,10,0,40,0,0,1,1,0
1,9,1,40,0,0,0,1,0
2,16,0,40,0,0,1,0,0
1,10,1,20,0,0,0,0,0
4,9,0,54,0,0,1,1,0
4,4,1,10,0,0,0,1,0
2,14,0,45,7688,0,1,1,1
3,14,0,45,0,0,0,1,1
0,10,1,15,0,0,1,1,0
3,9,1,50,0,0,1,1,0
2,7,1,40,0,0,1,1,0
1,10,0,40,0,0,0,1,1
2,10,1,44,0,0,1,1,0
3,12,0,50,0,0,1,1,0
2,13,0,40,0,0,1,1,0
2,10,0,40,0,0,1,1,0
3,9,0,40,0,0,1,1,1
3,13,0,45,0,0,1,1,1
2,14,0,45,0,0,0,1,1
2,9,1,40,0,0,1,1,0
2,13,1,45,0,0,0,1,0
1,10,0,40,0,0,1,1,0
1,7,0,35,0,0,1,0,0
2,13,1,40,0,0,1,1,0
4,13,0,20,0,0,0,1,1
2,12,1,55,0,0,0,1,0
3,9,1,40,0,0,1,1,0
1,13,1,40,4101,0,0,1,0
3,10,0,40,0,1977,1,1,1
4,14,0,55,0,0,0,1,1
4,14,1,40,0,0,0,1,0
3,9,0,40,0,0,1,1,0
2,10,1,40,0,0,0,1,0
2,10,0,45,0,0,1,1,0
2,9,1,40,0,0,1,1,0
4,8,1,40,0,0,0,1,0
3,13,1,40,0,1590,1,1,0
4,9,0,40,0,0,1,1,0
3,9,0,40,0,0,1,1,1
1,13,1,40,0,0,0,1,0
2,13,1,45,0,0,1,1,0
1,10,1,10,0,0,1,1,0
3,14,1,20,0,0,0,1,0
2,13,1,50,0,0,0,1,0
2,16,1,15,0,0,0,1,0
1,13,1,40,0,0,1,1,0
2,9,0,49,0,0,1,1,0
3,15,1,55,0,0,1,1,1
5,10,1,20,0,0,0,1,0
4,7,1,40,0,0,0,1,0
2,3,0,15,0,0,0,0,0
5,5,0,42,0,0,1,1,0
2,9,1,50,0,0,1,1,0
4,9,0,72,0,0,1,1,0
0,3,1,30,0,0,1,0,0
2,9,1,35,0,0,0,1,0
1,9,1,40,0,0,0,1,0
2,9,0,40,0,0,1,1,0
4,10,0,60,0,0,1,1,1
4,9,1,40,0,0,1,1,0
4,9,0,40,7688,0,1,1,1
3,14,0,70,15024,0,1,1,1
2,9,1,40,0,0,0,1,0
1,10,1,40,0,0,0,1,0
2,9,1,30,0,0,1,1,0
2,6,1,18,0,0,1,0,0
3,13,0,60,0,0,1,1,0
3,16,0,50,0,0,1,1,1
1,13,1,40,0,0,0,0,0
2,12,1,40,0,0,1,1,0
1,12,1,35,0,0,0,1,0
3,10,0,40,7298,0,1,1,1
3,5,1,37,0,0,1,1,0
2,13,1,40,0,0,0,1,0
1,9,1,25,0,0,0,1,0
3,10,1,40,0,0,0,1,0
2,9,1,35,3325,0,1,1,0
1,11,1,36,0,0,0,1,0
2,13,1,40,0,0,1,1,0
1,13,1,40,0,0,0,0,0
4,13,0,42,15024,0,1,1,1
1,9,1,40,0,0,0,1,0
2,13,0,40,0,0,1,1,1
1,9,0,40,0,0,0,1,1
1,7,1,40,0,0,0,0,0
1,11,0,12,0,0,0,1,0
4,10,0,45,7298,0,1,1,1
5,9,0,45,0,2377,1,1,1
0,9,1,3,0,0,1,1,0
3,10,0,40,0,0,1,1,0
0,7,1,16,0,0,0,1,0
3,13,0,50,15024,0,1,1,1
5,9,0,20,0,0,1,1,0
0,6,1,40,0,0,1,1,0
3,11,0,40,0,0,1,1,1
3,9,0,60,0,0,1,1,0
1,13,1,55,0,0,0,1,0
4,10,0,40,0,0,1,1,0
1,10,1,40,0,0,1,1,0
1,10,0,40,0,0,1,1,0
2,10,1,60,2174,0,1,1,0
4,14,1,55,0,0,1,1,1
3,7,1,40,0,0,1,1,0
2,9,1,40,0,0,1,1,0
1,7,1,40,0,0,0,1,0
2,9,0,40,0,0,1,1,1
1,10,1,15,0,0,0,1,0
5,9,0,50,0,0,0,1,0
1,9,1,20,0,0,1,1,0
3,13,1,55,0,0,1,1,1
1,10,1,50,0,0,1,1,0
1,10,1,15,0,0,1,1,0
4,13,1,40,0,0,1,1,0
1,10,1,15,0,0,0,1,0
2,9,1,40,0,0,1,1,0
1,9,1,40,0,0,1,1,0
5,14,1,40,0,0,0,1,0
4,9,0,40,5013,0,1,1,0
2,10,1,40,0,0,1,1,0
4,14,1,45,0,0,0,1,0
4,10,0,40,0,0,1,1,0
3,14,0,40,0,0,1,1,1
4,13,0,48,15024,0,1,1,1
2,13,0,50,7688,0,0,0,1
1,11,1,40,0,0,0,1,0
2,9,0,84,0,0,1,1,1
3,15,0,50,0,0,1,1,1
5,7,0,20,0,0,1,1,0
2,9,0,40,0,0,1,1,1
1,10,1,25,0,0,0,1,0
5,4,1,24,0,0,0,1,0
2,10,0,40,0,0,1,1,0
1,11,0,48,0,0,1,1,0
1,5,1,40,0,0,1,1,0
2,10,0,55,0,0,1,1,0
2,10,0,40,0,0,1,1,0
1,13,1,20,0,0,0,1,0
3,7,0,40,0,0,1,1,0
3,9,1,60,0,0,1,1,0
2,10,1,55,0,0,1,1,0
1,9,1,40,0,0,1,0,0
2,10,1,45,0,0,1,1,0
3,13,0,35,0,0,1,1,0
4,15,0,35,0,2415,1,0,1
3,10,0,42,3103,0,1,1,0
2,9,1,40,0,0,1,1,0
2,11,0,44,4386,0,1,1,1
2,13,0,40,0,0,1,1,0
5,9,0,40,0,0,1,1,0
3,6,0,52,0,2179,1,1,0
2,9,1,40,0,0,1,1,0
0,9,1,30,1055,0,0,1,0
2,9,0,55,0,0,1,1,0
0,7,1,13,0,0,1,1,0
4,14,0,50,0,0,1,1,1
1,13,1,40,0,0,0,1,0
1,9,1,48,0,0,0,1,0
2,13,0,40,0,0,1,1,0
5,6,1,28,0,0,0,1,0
4,13,0,40,0,0,1,1,0
4,13,0,55,99999,0,1,1,1
2,9,0,40,0,0,1,1,0
3,14,0,60,0,0,1,1,1
4,9,0,50,0,0,1,1,0
3,9,0,40,0,0,1,0,1
3,9,0,50,0,0,1,1,0
2,9,1,45,8614,0,1,1,1
0,4,1,45,0,0,1,1,0
4,13,0,40,0,0,1,1,0
4,9,0,44,0,0,1,1,0
4,5,0,40,2885,0,1,1,0
2,13,1,40,0,0,0,1,0
2,9,0,48,0,0,0,1,0
3,16,0,36,0,0,1,1,1
4,10,0,40,0,0,1,1,1
2,10,1,40,0,0,0,1,0
4,13,1,40,0,0,0,1,0
2,9,0,40,0,0,1,1,0
4,9,1,48,0,0,0,0,0
2,12,0,52,0,0,1,1,1
3,4,0,24,0,1594,0,0,0
4,12,1,40,4101,0,0,1,0
2,9,0,40,0,0,1,1,0
1,10,1,40,0,0,0,1,0
4,11,1,40,0,0,0,1,0
3,9,0,40,0,0,1,1,0
3,14,0,50,0,0,1,1,1
2,11,0,60,0,0,1,1,0
4,11,0,40,0,0,1,1,0
1,13,1,40,0,0,1,1,0
5,14,0,60,20051,0,1,1,1
3,9,0,30,0,0,1,1,1
4,16,0,40,3781,0,1,1,0
1,11,0,42,0,0,1,1,1
4,9,0,40,0,0,1,1,1
2,13,0,45,0,0,1,1,1
1,14,1,56,0,0,1,1,0
3,10,0,40,0,0,1,1,0
1,12,0,45,0,0,1,1,1
2,9,0,35,5178,0,0,1,1
4,14,0,44,0,1977,1,1,1
2,9,0,45,5178,0,1,1,1
2,13,0,50,0,1485,1,1,1
1,9,1,60,0,0,1,1,0
0,7,1,13,0,0,0,1,0
1,9,0,40,0,0,1,0,0
2,3,0,50,0,0,1,0,1
1,9,0,50,0,0,1,1,0
4,13,0,40,0,0,1,1,1
5,3,0,40,1797,0,1,1,0
3,13,1,40,0,0,0,1,1
3,6,0,40,0,0,1,1,1
4,9,0,40,0,0,1,1,1
3,13,1,40,0,0,1,1,0
5,10,1,17,0,0,0,1,0
3,14,0,35,0,0,1,1,1
0,10,1,15,0,0,1,1,0
5,9,0,98,0,0,1,1,0
1,11,0,40,0,2603,1,1,0
2,9,1,40,0,0,1,1,0
2,9,1,40,2907,0,0,0,0
2,4,1,40,0,0,0,1,0
3,9,1,40,0,0,1,1,0
2,9,0,55,0,1672,1,1,0
1,13,1,40,0,0,0,1,0
3,9,1,40,0,0,0,1,0
1,9,1,60,0,0,1,1,0
2,9,1,40,0,0,0,1,0
3,10,0,40,0,0,1,1,0
1,10,0,45,0,0,1,1,0
2,13,0,60,6849,0,1,1,0
1,13,1,15,0,0,1,1,0
3,13,0,45,0,0,1,1,1
0,7,1,20,0,0,0,1,0
1,9,0,40,15024,0,1,1,1
5,9,1,24,0,0,0,1,0
3,9,1,48,0,0,1,1,0
4,13,1,8,0,0,0,1,0
3,15,0,40,15024,0,1,1,1
2,13,0,43,3103,0,1,1,1
0,10,1,20,0,0,0,1,0
1,13,1,60,0,0,1,1,1
3,8,0,40,3103,0,0,1,1
4,14,0,50,0,0,1,1,1
1,10,1,40,0,0,1,1,0
3,13,1,38,0,0,0,1,0
2,13,0,40,0,0,0,1,0
3,7,0,36,5178,0,0,1,1
5,15,0,35,0,0,1,1,1
2,9,0,40,0,0,1,1,0
1,7,1,99,0,0,1,1,0
2,8,0,40,0,0,1,1,1
3,15,1,40,7430,0,1,1,1
2,13,0,40,7688,0,1,1,1
1,9,1,40,0,0,1,1,0
5,9,0,40,0,0,1,1,0
3,9,0,40,0,0,0,0,0
2,9,1,70,0,0,0,1,0
1,9,1,40,0,0,0,0,0
3,12,0,50,7688,0,1,1,1
2,13,1,40,0,0,1,1,0
2,13,0,40,0,0,1,1,1
5,13,0,32,0,1977,1,0,1
0,3,1,50,0,0,1,0,0
2,13,1,60,0,0,0,1,1
1,10,1,20,0,0,0,1,0
0,7,1,20,0,0,1,1,0
3,12,0,40,0,0,1,1,0
4,4,1,30,0,0,0,1,0
5,10,0,35,0,0,1,1,0
1,11,0,40,0,0,1,1,0
3,6,1,40,0,0,1,1,0
3,9,0,50,0,0,1,1,0
1,13,1,22,0,0,1,1,0
4,16,0,60,0,0,1,1,1
1,9,0,45,0,0,1,1,0
3,13,0,60,0,0,1,1,1
5,9,0,70,0,0,1,1,1
3,14,0,40,0,0,1,1,1
4,9,0,40,0,0,1,1,0
3,13,0,40,0,0,1,1,1
2,13,0,55,15024,0,1,1,1
2,13,1,15,0,0,1,0,0
2,16,0,48,0,0,0,1,1
2,9,1,40,0,0,1,1,0
3,9,0,40,0,0,0,1,0
4,9,1,43,0,0,0,1,0
2,12,0,45,0,0,1,1,0
4,9,0,40,0,0,1,1,0
2,13,0,50,0,0,1,1,0
2,9,0,40,0,0,1,1,0
1,6,0,45,0,0,1,1,0
0,7,1,16,0,0,1,1,0
3,9,0,40,0,1902,1,1,1
2,13,1,48,0,0,0,1,0
1,10,1,10,0,0,0,1,0
2,6,1,40,0,0,0,1,0
4,1,0,40,0,0,1,0,0
3,9,0,45,0,0,1,1,1
4,14,1,50,0,0,0,1,1
1,10,0,40,3137,0,1,1,0
1,9,1,40,0,0,0,1,0
2,3,0,40,0,0,1,0,0
5,9,1,32,0,0,0,1,0
4,9,1,38,0,0,0,1,0
2,9,1,50,0,0,1,1,0
3,4,0,45,0,0,1,1,0
5,10,0,4,0,0,1,1,0
4,10,1,38,0,0,0,1,0
1,12,1,40,0,0,0,1,1
5,9,0,40,0,0,1,1,0
1,13,1,20,0,0,0,1,0
2,9,0,50,0,0,1,1,1
3,12,0,50,0,0,1,1,1
4,13,0,40,0,0,1,1,0
1,10,1,40,0,0,0,1,0
3,13,0,40,0,1902,1,1,1
2,9,1,40,0,0,1,1,0
3,16,0,45,0,2002,1,1,0
2,13,0,45,0,0,1,1,1
3,11,0,20,0,0,0,1,0
1,8,0,40,0,0,1,1,0
1,13,1,40,0,0,0,1,0
0,10,1,15,0,0,1,1,0
4,9,1,40,0,0,0,0,0
1,11,1,50,0,0,1,1,0
1,11,1,75,0,0,1,1,0
4,13,0,40,0,0,1,1,1
1,9,1,30,0,0,0,1,0
2,10,0,40,0,0,1,1,0
1,6,1,24,0,0,1,0,0
3,13,0,35,0,0,1,1,1
2,10,1,52,0,0,0,1,0
3,9,0,45,0,0,1,1,1
4,9,0,84,0,0,1,1,1
1,6,1,15,0,0,0,1,0
2,10,1,40,0,0,1,1,0
1,10,0,45,0,0,1,1,0
1,7,1,40,0,0,0,1,0
4,10,1,48,0,0,1,1,0
2,11,1,52,0,0,0,1,0
1,10,1,35,0,0,1,1,0
3,14,0,50,0,0,0,1,1
2,10,1,20,0,0,0,1,0
2,13,0,40,0,0,1,1,1
2,9,1,40,0,0,0,1,0
3,9,0,40,0,0,1,1,0
2,9,0,70,0,0,1,1,0
5,10,0,40,0,0,1,1,0
3,14,1,48,14344,0,1,1,1
3,9,0,40,0,0,1,1,1
3,10,0,58,0,0,1,1,1
3,15,0,45,0,1902,1,1,1
2,13,1,45,7430,0,0,1,1
3,12,0,40,0,1902,0,1,1
0,7,1,40,0,0,1,0,0
4,9,1,40,0,0,1,1,0
2,13,1,55,0,0,1,1,0
2,11,1,30,0,0,0,1,0
1,13,0,40,0,0,1,1,1
1,13,1,20,0,0,1,1,0
2,13,0,50,0,0,1,1,1
2,9,1,36,0,0,1,1,0
3,4,1,25,0,0,1,1,0
3,16,1,40,0,0,1,1,1
1,11,0,48,0,1887,1,1,1
2,10,0,40,0,0,1,1,0
1,10,1,20,0,0,1,1,0
1,13,1,40,0,0,0,1,0
1,9,1,40,0,0,0,1,0
4,9,0,40,0,0,1,1,0
1,10,0,40,0,0,1,0,0
5,14,1,40,0,0,0,1,0
1,10,1,24,0,0,0,1,0
5,15,0,16,3781,0,1,1,0
3,6,0,30,0,0,0,1,0
5,6,0,40,0,0,1,1,0
1,12,0,40,0,0,0,1,0
2,6,0,40,0,0,1,1,0
4,13,0,45,0,0,1,1,1
2,15,0,55,0,0,1,1,1
1,9,1,38,0,0,0,1,0
2,9,0,48,0,0,1,1,1
2,9,0,40,0,0,1,0,1
2,8,1,40,0,0,1,1,0
4,7,0,40,0,0,0,1,0
1,7,0,40,0,0,1,0,0
2,12,0,40,0,0,0,1,0
1,9,1,40,0,0,1,1,0
2,12,1,40,0,0,0,1,0
2,10,1,40,0,0,0,1,0
3,9,0,50,0,0,1,1,1
1,11,1,40,0,0,0,1,0
5,10,0,40,0,0,1,1,0
2,9,0,40,0,0,1,1,0
5,9,0,45,0,0,1,1,1
2,9,0,45,0,0,0,1,0
1,9,1,35,0,0,1,1,0
5,9,0,40,0,0,1,1,0
1,10,1,40,0,0,0,1,0
5,10,0,45,0,0,1,1,0
2,9,1,40,0,1092,1,1,0
1,9,1,40,0,0,0,1,0
4,5,0,50,0,0,1,1,1
5,13,0,40,0,0,0,1,0
3,10,1,60,2036,0,0,1,0
0,10,1,15,0,0,0,1,0
3,11,0,42,0,1380,1,1,0
3,10,0,30,2885,0,1,1,0
4,9,1,38,0,1876,0,1,0
2,10,1,40,0,0,0,1,0
1,13,0,41,0,0,1,1,0
2,13,0,40,3464,0,1,1,0
3,10,0,38,0,0,1,1,0
3,9,0,40,0,0,1,1,1
3,6,0,45,0,0,1,1,0
1,11,1,20,0,0,1,1,0
3,14,0,35,0,0,1,1,0
2,9,1,40,0,0,0,1,0
2,11,0,37,0,0,1,0,0
1,13,1,40,0,0,0,1,0
1,14,1,30,0,0,1,1,0
2,13,0,40,0,0,1,1,1
3,13,0,40,0,0,1,1,0
2,10,1,30,0,0,0,1,0
3,12,0,55,0,1848,1,1,1
1,10,1,10,0,0,0,1,0
2,14,0,60,0,0,0,1,1
2,9,1,44,0,0,1,1,0
1,10,0,40,0,0,0,1,1
4,6,1,45,0,0,1,1,1
1,10,0,45,0,0,1,1,0
4,10,0,40,0,0,1,1,0
4,14,0,45,0,0,1,1,1
1,9,1,40,0,0,1,1,0
2,9,0,50,0,0,1,1,0
3,10,1,40,0,0,0,1,0
2,10,1,40,0,0,1,1,0
4,9,1,35,3887,0,0,1,0
1,13,1,48,0,0,0,1,0
4,10,0,35,0,0,1,1,0
2,10,1,26,0,0,1,0,0
3,10,0,50,0,0,1,1,0
2,9,1,80,0,0,0,1,0
3,10,0,40,0,0,1,1,0
2,12,1,50,0,0,1,1,0
5,15,0,50,15024,0,1,1,1
2,10,1,40,0,0,0,1,0
4,9,0,40,7298,0,1,1,1
5,10,1,25,0,0,1,1,0
2,9,1,40,0,0,0,1,0
2,9,1,10,0,0,1,1,0
3,10,1,40,0,0,0,1,0
1,13,1,20,0,0,0,1,0
3,13,0,60,0,0,1,1,0
3,15,0,40,0,2415,1,1,1
2,9,0,55,0,1902,1,1,1
3,9,0,16,0,0,0,1,0
1,10,1,25,0,0,0,1,0
2,12,1,35,0,0,0,1,0
3,9,1,44,8614,0,1,1,1
2,13,0,48,0,0,1,1,1
2,13,0,45,0,0,1,1,1
2,11,0,40,0,0,1,0,0
2,9,0,40,0,0,1,1,1
2,13,1,37,0,0,1,1,0
4,9,0,40,0,0,1,1,0
1,9,0,37,0,0,0,1,0
2,9,1,40,0,0,1,1,0
4,10,1,45,0,0,1,1,0
2,10,0,40,0,0,1,1,0
3,10,0,40,0,0,1,1,0
2,14,0,45,15024,0,1,1,1
2,11,0,45,0,0,1,1,1
5,13,0,45,0,0,1,1,1
2,9,0,50,0,0,1,1,0
2,9,0,60,15024,0,1,1,1
5,4,0,40,3137,0,1,0,0
1,9,1,40,0,0,1,1,0
3,13,1,50,0,0,1,1,1
3,9,0,60,0,0,1,1,1
3,13,0,40,0,1740,1,1,0
2,9,1,45,0,0,1,1,0
1,13,1,40,0,0,0,1,0
3,13,1,40,0,0,1,1,0
1,10,0,43,2885,0,1,1,0
4,9,1,35,0,0,0,1,0
5,9,1,10,0,0,1,1,0
4,13,0,50,15024,0,1,1,1
3,9,1,48,0,0,0,1,0
4,14,0,50,7298,0,1,1,1
2,10,0,40,0,0,1,1,1
2,13,0,40,0,0,1,1,0
1,13,1,38,0,0,1,1,0
5,9,1,45,0,0,1,1,1
3,8,0,40,0,0,1,1,0
2,11,0,43,0,0,1,1,0
0,9,1,30,0,0,1,1,0
2,13,1,50,0,0,0,1,1
1,13,1,32,0,0,0,1,0
3,9,0,40,0,0,1,1,1
1,10,1,30,0,0,0,1,0
4,13,1,38,0,1590,0,1,0
2,6,1,50,0,0,1,1,0
3,9,1,40,0,0,1,1,0
4,6,1,45,0,0,1,1,0
3,14,0,40,0,0,1,1,1
3,9,1,40,0,0,0,1,0
4,13,0,40,0,0,1,0,1
3,14,0,40,0,0,1,1,1
5,10,1,40,0,0,0,1,0
3,13,0,38,0,0,1,1,1
2,9,0,40,3908,0,1,1,0
1,9,1,40,0,0,0,1,0
2,10,0,45,0,0,1,1,1
2,13,1,40,0,0,1,1,0
3,11,1,50,0,0,1,1,0
3,16,0,45,0,0,1,1,1
5,10,0,40,0,0,0,1,0
2,13,0,50,0,1848,1,1,1
3,9,1,45,0,0,0,1,0
2,10,1,40,0,0,0,1,0
1,8,1,40,0,0,1,1,0
2,13,1,40,0,0,0,1,0
2,13,1,55,0,0,1,1,0
2,13,0,40,0,0,1,1,0
1,10,1,15,0,0,1,1,0
5,15,0,5,0,0,1,1,1
3,10,0,40,0,0,1,1,1
1,10,1,16,0,0,1,1,0
5,11,0,60,0,0,1,1,1
1,9,0,37,0,0,1,1,0
2,9,0,40,0,0,0,1,0
2,4,1,50,0,0,1,1,0
2,10,1,45,0,0,1,1,0
4,9,1,45,0,0,1,1,0
2,7,1,40,0,0,1,1,0
3,10,0,38,0,0,1,1,1
1,9,1,37,0,0,0,1,0
5,10,1,40,2346,0,0,1,0
2,9,1,40,0,0,1,1,0
3,13,0,40,0,0,1,1,1
3,9,1,44,0,0,0,1,0
2,11,0,50,0,0,1,1,1
2,10,0,40,0,0,1,1,1
2,14,0,50,0,0,1,1,0
1,10,0,38,0,0,1,1,0
2,10,0,64,0,0,1,1,1
3,6,1,40,0,0,0,1,0
3,9,1,50,0,0,0,1,0
3,16,0,45,0,0,1,1,1
4,5,0,40,0,0,1,1,0
1,9,1,8,0,0,1,1,0
2,9,1,35,0,0,1,1,0
1,10,1,45,0,0,0,1,0
1,9,1,30,0,0,1,0,0
1,9,1,40,0,0,0,0,0
3,10,0,40,0,0,0,1,0
2,10,0,40,0,0,0,1,0
2,1,1,35,0,0,0,0,0
2,11,0,40,0,0,1,1,1
4,9,0,55,0,0,1,1,1
3,9,0,40,0,0,1,1,0
2,12,1,40,0,1762,0,1,0
1,9,0,50,2885,0,1,1,0
1,9,1,40,0,0,1,1,0
5,5,0,40,0,0,1,1,0
4,9,0,40,0,0,1,1,1
5,9,1,12,1848,0,0,1,0
1,9,1,40,0,0,1,1,0
2,10,0,55,0,0,1,1,0
2,10,1,75,0,0,1,1,0
2,13,0,50,0,0,1,1,1
2,9,1,35,0,0,0,1,0
3,14,1,40,0,0,0,1,1
2,14,0,40,0,0,1,1,1
2,9,0,40,0,0,1,1,0
3,9,0,40,0,0,0,1,0
5,4,1,20,0,0,0,1,0
2,10,0,40,0,0,0,1,0
5,13,0,24,0,0,1,1,0
3,14,0,50,0,0,1,1,1
1,11,1,40,0,0,1,1,0
2,10,1,60,0,0,1,1,0
1,9,1,40,0,0,1,1,0
1,10,0,40,0,0,1,1,0
2,13,0,40,7298,0,1,0,1
4,10,1,40,0,0,1,1,1
2,13,0,36,15024,0,0,1,1
4,13,1,37,0,0,0,1,0
3,9,1,40,0,0,0,1,0
2,12,0,40,0,1887,1,1,1
3,9,1,40,0,2339,1,1,0
3,9,0,70,0,0,1,1,0
2,13,1,50,0,0,1,1,0
5,10,0,40,0,0,1,1,0
2,9,0,40,0,0,1,1,0
4,13,0,40,0,0,0,0,0
2,9,1,40,0,0,0,1,0
4,7,0,50,0,0,1,1,0
3,5,1,40,0,0,0,1,0
3,9,1,40,0,0,0,1,0
0,6,1,12,0,0,0,1,0
1,9,0,97,0,0,1,1,0
3,15,0,50,0,0,1,1,0
5,13,0,40,20051,0,1,1,1
2,9,1,45,0,1669,0,1,0
4,15,1,40,27828,0,1,0,1
3,11,0,40,0,0,1,1,0
1,10,1,35,0,0,0,1,0
0,9,1,38,0,0,1,1,0
4,9,1,50,0,0,1,1,0
3,13,0,30,0,0,1,1,1
3,12,1,56,0,0,1,1,0
0,10,1,15,0,0,1,1,0
4,10,0,45,0,0,1,1,1
4,11,0,40,0,1485,1,1,0
2,9,0,40,0,0,1,1,0
1,10,1,40,0,0,1,1,0
2,13,0,40,7298,0,1,1,1
1,10,1,40,0,0,1,1,0
5,7,1,40,0,0,1,1,0
3,10,1,40,0,0,0,1,0
3,13,0,44,0,0,1,1,1
3,14,0,40,0,0,1,1,0
4,10,0,40,0,0,1,1,1
0,7,1,40,0,0,0,1,0
2,9,0,40,0,0,1,1,0
1,9,1,45,0,0,0,1,0
3,9,1,40,0,1741,1,1,0
3,13,0,40,0,0,1,1,1
2,14,0,50,0,0,1,0,0
1,16,1,52,0,0,1,1,0
1,13,1,40,0,0,0,1,0
1,10,1,40,0,0,1,1,0
0,9,0,25,0,0,0,1,0
4,9,1,40,0,0,0,1,0
5,15,0,50,0,0,1,1,0
3,9,1,40,0,0,0,1,0
1,9,0,40,0,0,1,1,0
0,7,1,25,0,0,0,1,0
2,13,1,40,0,0,0,1,0
2,9,0,70,0,0,1,1,1
4,11,0,45,0,0,1,1,0
1,13,1,8,0,0,0,1,0
2,10,0,40,0,0,0,1,0
4,14,0,60,0,0,1,1,1
0,10,1,40,0,0,0,1,0
2,15,0,50,0,0,1,1,1
3,9,1,40,0,0,0,1,0
2,9,1,40,0,0,1,1,0
1,10,1,41,0,0,0,1,1
2,11,0,40,0,0,1,1,0
4,13,0,40,0,0,1,1,1
2,11,1,40,0,0,0,1,0
1,9,0,40,0,0,1,1,0
5,9,1,10,0,0,0,1,0
1,9,1,20,0,0,1,1,0
3,13,0,65,15024,0,1,1,1
3,13,1,38,0,0,1,1,1
3,9,0,40,3411,0,1,1,0
2,9,1,40,0,0,1,1,0
3,15,0,60,0,0,1,0,1
4,12,0,45,15024,0,1,1,1
3,9,0,40,0,0,1,0,1
3,10,1,50,0,2339,1,1,0
4,13,0,40,0,0,1,1,0
1,10,1,40,0,0,0,1,0
1,13,1,10,0,0,1,0,0
2,10,0,40,0,0,1,1,0
3,9,0,40,0,0,1,1,0
2,9,0,44,0,0,1,1,1
3,13,0,55,0,2415,1,1,1
1,11,1,40,0,0,1,1,0
4,13,0,50,7298,0,1,1,1
5,10,1,41,0,0,0,1,0
2,9,1,40,0,0,1,1,0
1,9,1,40,0,0,0,1,0
2,9,1,40,0,0,1,1,0
2,10,0,40,0,0,1,1,0
2,11,0,60,0,0,1,1,1
4,9,1,40,0,0,1,1,0
3,14,0,40,0,0,1,1,0
4,4,0,40,0,0,1,1,0
1,4,1,40,0,0,1,1,0
1,9,1,28,0,0,0,1,0
1,10,1,21,0,0,0,1,0
4,13,0,60,0,0,0,1,1
4,10,1,40,0,0,1,1,0
3,13,0,44,0,0,1,1,1
4,13,1,40,0,0,1,1,0
2,11,0,40,5178,0,1,1,1
1,11,1,40,0,0,0,1,0
2,10,1,65,0,0,1,1,0
3,11,0,50,0,0,1,1,1
5,13,0,40,7298,0,1,1,1
4,14,1,40,0,0,0,1,0
2,15,0,25,0,0,1,1,1
2,10,0,40,0,0,1,1,0
2,14,0,40,7298,0,1,1,1
4,10,0,50,99999,0,1,1,1
1,12,1,40,0,0,0,1,0
5,11,1,14,0,0,0,1,0
0,7,1,16,0,0,0,1,0
3,10,1,45,0,0,1,1,0
4,9,0,40,15024,0,1,1,1
0,9,1,40,0,0,1,1,0
3,5,1,20,0,0,0,1,0
3,14,0,40,0,0,1,1,1
3,14,1,50,0,0,0,1,1
4,13,0,35,0,0,1,1,1
3,5,0,40,0,0,1,1,0
1,14,1,40,0,0,1,1,0
2,13,0,40,0,0,1,1,0
4,9,1,40,0,0,0,1,0
1,10,1,40,0,0,0,1,0
1,10,1,45,0,0,0,1,0
1,13,1,40,0,0,1,1,0
1,9,1,40,0,0,0,1,0
4,13,0,50,0,0,1,1,1
1,10,1,40,0,0,1,1,0
4,9,0,20,0,0,1,1,0
3,10,1,32,0,0,0,1,0
2,10,0,60,0,0,0,1,1
2,10,1,50,0,0,0,1,0
2,9,1,70,0,0,1,1,0
4,13,0,42,0,0,0,1,0
2,10,1,40,0,0,0,1,0
2,16,1,45,0,0,1,1,1
3,10,0,40,7688,0,1,0,1
3,10,1,30,0,0,1,1,0
2,12,0,60,0,0,1,1,1
2,13,0,45,0,0,1,1,0
2,9,1,50,3325,0,1,1,0
2,13,1,45,0,0,0,1,0
3,13,1,40,0,0,0,1,0
3,9,1,40,0,0,1,1,1
5,7,0,30,0,0,1,1,0
3,13,0,40,0,0,1,0,0
1,10,1,15,0,0,1,1,0
1,13,0,5,0,0,0,1,0
1,10,1,45,0,0,1,1,0
2,10,1,60,0,0,0,1,0
2,12,0,40,0,0,1,1,0
2,9,1,40,0,0,1,1,0
2,14,0,44,0,1977,0,1,1
1,14,1,40,0,0,1,1,0
2,9,0,40,0,0,1,1,0
2,9,0,40,0,0,0,1,0
3,9,1,40,0,0,1,1,0
5,14,0,50,0,0,1,1,1
1,13,1,40,0,0,0,1,0
3,15,0,60,0,1977,1,1,1
1,9,1,40,0,0,0,1,0
2,13,1,40,10520,0,1,1,1
3,9,0,40,0,1902,1,1,1
1,10,0,40,0,1902,1,1,0
2,9,0,40,0,0,1,1,0
2,13,1,45,0,0,1,1,0
4,9,0,40,0,0,1,1,0
1,10,1,35,0,0,1,1,0
3,9,1,40,0,0,1,0,0
1,9,1,60,0,0,1,1,0
3,10,0,40,0,0,1,1,0
4,10,0,60,0,0,1,1,0
3,10,0,40,0,0,1,1,1
3,6,0,40,0,0,1,1,0
4,10,0,40,0,0,1,1,0
2,10,1,45,0,0,0,1,0
3,10,1,60,0,0,0,1,0
2,10,0,50,0,0,1,1,1
1,12,0,25,0,0,0,1,0
1,10,1,40,0,0,1,1,0
2,10,0,40,0,0,1,1,1
4,14,1,40,0,0,0,1,0
2,9,0,50,0,0,1,1,1
2,14,0,70,0,0,1,1,1
1,9,1,40,0,0,0,1,0
4,10,0,48,0,1579,1,1,0
5,16,1,60,0,2559,0,1,1
1,9,1,48,0,0,1,1,0
1,9,0,42,0,0,1,1,0
1,9,1,40,0,0,1,1,0
3,13,0,40,13550,0,1,0,1
2,9,0,24,0,0,0,1,1
1,9,1,25,0,0,0,0,0
2,11,0,53,0,0,1,1,1
2,14,0,45,0,1902,1,0,1
2,13,0,60,0,0,1,1,1
2,9,1,18,0,0,1,1,0
5,4,0,40,0,0,1,0,0
4,9,0,40,0,0,1,1,0
1,12,1,52,0,0,1,1,0
3,10,0,40,0,0,0,0,1
3,9,0,40,0,1887,1,1,1
2,9,1,40,2174,0,1,1,0
4,13,1,60,0,0,1,1,0
2,13,0,50,0,0,0,1,1
1,13,1,40,0,0,0,1,0
2,13,0,80,0,1740,1,1,0
2,12,0,40,7298,0,1,1,1
2,13,1,40,0,0,0,1,0
5,9,1,40,0,0,0,1,0
3,9,0,35,0,0,1,1,1
0,5,1,15,0,0,1,1,0
0,9,1,30,0,0,1,1,0
0,11,1,40,0,0,0,1,0
4,10,0,14,0,0,0,0,1
1,9,1,40,0,0,0,1,0
2,13,1,10,0,0,1,1,0
3,13,0,40,0,0,1,0,1
2,13,0,40,0,1977,1,1,1
4,10,0,40,0,0,1,1,0
2,9,0,40,0,0,1,1,0
2,12,0,50,0,0,1,1,1
2,9,0,50,0,0,1,1,1
3,9,1,40,0,0,0,1,0
1,9,1,40,0,0,1,0,0
3,13,0,55,0,0,1,1,0
3,13,1,42,0,0,0,1,0
1,6,1,40,0,0,1,1,0
2,9,1,40,0,0,1,1,0
3,16,1,60,0,0,0,1,1
2,1,1,40,0,0,1,0,0
2,10,1,40,0,0,0,1,0
4,10,0,45,0,0,1,1,1
1,9,0,70,0,0,1,1,0
3,15,0,37,99999,0,1,1,1
2,9,1,40,0,0,1,1,0
2,9,1,40,0,0,1,1,0
4,15,0,50,0,0,1,1,1
4,13,1,50,0,0,0,1,0
3,9,0,45,0,0,1,1,1
1,9,1,40,0,0,1,1,0
4,4,1,60,0,0,0,1,0
2,6,0,48,0,0,1,1,0
2,9,1,40,0,0,0,0,0
3,15,1,25,0,0,0,1,0
4,9,0,40,0,0,1,1,0
1,13,1,4,2202,0,1,1,0
0,13,1,30,0,0,0,1,0
2,9,0,50,0,0,1,1,0
2,9,0,40,0,0,1,1,0
1,10,1,20,0,0,1,1,0
2,9,0,50,0,0,1,1,0
2,9,1,32,0,0,0,1,0
1,11,1,35,0,0,0,1,0
4,13,0,40,0,0,1,0,1
3,10,0,40,0,0,0,1,0
1,8,0,50,0,0,0,1,0
3,14,0,45,15024,0,1,1,1
1,10,1,40,0,0,1,1,0
3,12,0,31,0,0,0,0,0
2,5,0,25,0,0,1,1,0
2,11,0,40,0,0,1,1,1
2,9,1,70,0,0,1,1,0
2,8,1,40,0,0,0,1,0
0,9,1,30,0,0,0,1,0
3,9,1,40,0,0,0,1,0
3,10,1,50,0,2001,1,1,0
2,9,0,60,0,0,1,1,1
2,14,1,40,0,0,0,1,0
2,10,0,40,0,0,1,1,1
0,9,1,20,0,0,0,1,0
4,5,0,40,0,0,1,1,0
5,9,0,25,0,0,0,1,0
2,13,1,20,0,0,1,1,0
1,12,0,16,0,0,0,1,1
2,10,1,40,0,0,0,1,0
2,9,0,40,0,0,1,1,0
4,13,0,40,0,0,1,1,0
5,9,0,60,0,0,1,1,1
4,13,0,40,0,0,1,1,0
3,13,0,55,0,0,1,1,0
3,13,0,55,7688,0,1,1,1
2,9,1,42,0,0,0,1,0
4,10,0,40,0,1902,1,1,1
3,10,1,40,0,0,0,0,0
3,10,0,60,0,0,1,1,0
3,9,1,60,0,0,1,1,1
3,13,1,60,0,0,0,1,0
3,9,1,44,0,0,1,1,0
5,9,1,40,0,0,0,1,0
2,12,1,40,14344,0,0,1,1
0,7,1,15,0,0,1,1,0
1,10,0,60,0,0,0,1,0
2,10,1,40,13550,0,1,1,1
2,9,0,42,0,0,1,1,0
2,5,1,35,0,0,1,0,0
3,13,0,40,5013,0,1,1,0
3,8,1,40,0,0,1,1,0
3,10,0,55,0,0,1,1,1
2,13,1,70,99999,0,1,1,1
0,9,1,60,0,0,0,1,0
2,10,0,40,0,0,1,1,0
2,10,1,40,0,0,1,1,0
0,8,1,25,0,0,1,1,0
3,12,0,40,0,0,1,1,1
2,9,1,40,6849,0,0,1,0
1,10,0,70,0,0,1,1,1
0,9,1,20,0,0,0,1,0
3,9,0,50,0,0,1,1,1
1,13,1,40,0,1408,1,1,0
5,10,0,15,0,0,1,1,0
2,10,0,55,0,0,1,1,1
2,13,0,44,0,0,1,1,0
3,10,1,50,4787,0,1,1,1
3,11,1,60,0,0,1,1,0
2,10,1,40,0,0,1,1,0
0,7,1,30,0,0,0,1,0
3,9,0,40,0,0,0,1,0
1,13,1,40,0,0,1,0,0
1,10,1,40,0,0,0,1,0
1,9,1,52,0,0,1,1,0
3,10,1,40,0,0,0,1,0
4,9,0,84,0,0,1,1,0
2,9,1,30,1151,0,1,1,0
0,10,1,14,0,0,1,1,0
4,9,1,40,0,0,0,1,0
3,9,0,70,0,0,1,1,0
1,10,1,30,5060,0,0,1,0
3,10,0,50,0,0,1,1,0
3,9,0,40,0,0,0,1,0
1,6,0,48,0,0,0,0,0
1,13,1,40,0,0,0,1,0
1,13,1,16,0,0,1,0,0
0,7,1,15,0,0,1,1,0
4,9,1,40,0,0,0,1,0
2,13,0,40,0,0,1,1,1
2,14,0,40,0,0,1,1,0
2,10,1,40,0,0,0,1,0
2,9,1,40,0,0,0,1,0
1,7,1,45,0,0,1,1,0
1,13,1,40,0,0,0,1,0
5,5,0,40,0,0,1,1,0
0,9,1,40,0,0,1,1,0
1,10,1,40,0,0,0,1,0
2,6,0,45,0,0,1,1,0
4,9,1,36,4934,0,1,1,1
0,7,1,12,0,0,0,0,0
2,13,0,45,0,0,1,1,1
3,13,0,45,15024,0,1,1,1
2,10,1,38,0,0,0,1,0
2,13,1,55,0,0,1,1,0
2,9,1,30,0,0,1,1,0
4,13,0,40,0,0,0,1,1
2,9,0,40,0,0,1,1,0
3,10,0,40,0,0,0,1,1
1,12,1,40,0,0,1,1,0
3,9,0,43,7298,0,1,1,1
1,13,1,24,0,0,0,0,0
4,10,0,40,0,0,1,1,0
5,10,1,65,0,0,0,1,0
3,9,1,40,0,0,0,1,0
2,10,0,40,0,0,0,1,0
3,14,1,40,0,0,0,1,0
4,9,1,45,0,0,0,1,0
4,7,0,70,0,0,1,1,1
4,9,0,60,0,0,1,1,0
0,7,1,24,0,0,1,1,0
4,9,1,32,0,0,1,1,0
5,9,1,20,0,0,1,1,0
1,13,1,20,0,0,0,1,0
2,9,1,50,0,0,1,1,0
1,13,1,40,0,0,0,1,0
3,13,0,48,7298,0,1,1,1
1,12,0,40,0,0,1,1,0
1,9,0,35,0,0,1,1,0
4,9,0,40,0,0,1,1,0
2,9,0,22,0,0,0,1,0
2,4,1,38,0,0,1,1,0
1,9,1,40,594,0,1,1,0
4,9,1,40,0,0,0,0,0
3,13,0,45,0,0,1,1,1
1,9,1,40,0,0,0,1,0
3,11,1,32,0,0,0,1,0
4,9,1,35,0,0,0,1,0
1,10,1,15,0,0,0,1,0
4,10,1,38,0,0,0,1,0
4,9,1,35,0,0,1,1,0
2,9,1,35,0,0,1,0,0
0,6,1,24,0,0,0,1,0
1,12,0,25,0,0,1,1,0
3,2,0,40,0,0,0,0,0
3,14,0,40,0,0,1,1,1
0,6,1,40,0,0,1,1,0
1,9,1,20,0,0,0,1,0
3,10,0,55,0,0,1,1,0
1,13,1,40,0,0,1,1,0
5,9,0,40,2414,0,1,1,0
2,5,1,43,0,0,1,1,1
4,10,0,36,0,0,1,1,1
3,10,0,40,0,0,1,1,1
3,10,0,40,0,0,1,1,0
3,11,1,40,0,0,0,0,0
1,13,0,55,0,0,1,1,0
2,10,0,40,2407,0,1,1,0
3,13,0,40,0,0,1,0,0
3,3,0,40,0,0,1,0,0
0,9,1,25,0,0,1,1,0
3,15,0,40,99999,0,1,1,1
3,10,0,50,0,0,1,1,0
4,12,0,40,3942,0,0,1,0
2,9,1,50,0,0,1,1,0
1,9,1,55,0,0,0,1,0
2,10,1,40,0,0,1,1,0
0,6,1,28,0,0,0,1,0
3,9,0,40,0,0,1,1,0
3,13,1,37,0,0,1,1,0
1,10,0,40,0,0,1,1,0
3,14,1,60,0,2001,1,1,0
2,13,0,40,0,0,0,1,1
2,10,1,48,0,0,1,0,0
0,10,1,40,0,0,0,1,0
2,10,0,45,0,0,1,1,0
4,3,0,40,0,0,1,1,0
4,9,0,40,0,0,1,0,0
4,9,0,40,0,0,1,0,1
2,9,0,45,0,0,1,1,0
3,11,0,40,0,0,1,1,0
3,14,0,48,0,0,1,1,1
1,6,0,40,0,0,0,0,0
1,9,1,44,0,0,0,1,0
2,7,0,40,0,0,1,1,0
5,2,1,15,0,0,0,1,0
1,13,0,40,0,0,1,1,1
4,13,0,30,0,0,1,1,0
4,10,0,40,0,0,1,1,0
1,10,1,25,0,0,0,1,0
4,2,0,35,0,0,1,0,0
2,13,0,50,7298,0,1,1,1
1,10,1,40,0,0,0,1,0
1,9,1,40,0,0,1,1,0
3,9,1,40,0,0,0,1,0
3,11,0,40,3908,0,1,1,0
3,9,1,40,0,0,1,1,0
4,15,0,40,99999,0,1,0,1
2,9,0,50,0,0,1,1,1
4,3,0,30,0,0,0,0,0
1,2,1,25,0,0,1,0,0
2,9,1,40,0,0,1,1,0
1,9,0,40,0,0,1,1,0
1,10,1,40,0,0,1,1,0
3,10,0,30,0,0,1,1,0
4,8,0,45,0,0,1,1,0
2,13,0,48,0,1887,1,1,1
3,9,1,45,0,0,0,1,0
3,11,1,44,0,0,0,1,0
2,13,0,40,0,0,1,1,1
3,14,0,36,0,0,1,0,1
1,9,1,25,0,0,0,1,0
1,7,1,50,0,0,1,0,0
1,9,0,40,0,0,1,1,0
4,6,0,40,99999,0,1,1,1
3,13,0,60,7298,0,1,1,1
4,10,0,40,0,0,1,1,1
1,9,0,40,0,0,1,1,0
1,6,0,40,0,0,1,1,0
2,10,0,40,0,0,1,1,1
2,13,1,40,0,0,0,1,0
2,9,0,35,0,0,0,1,1
5,10,0,40,0,0,1,1,1
4,6,1,32,0,0,0,1,0
3,7,1,25,0,0,0,1,0
1,9,1,40,0,0,1,1,0
3,10,0,40,0,0,1,1,0
1,9,1,40,0,0,1,1,0
5,9,1,40,0,3683,0,1,0
3,9,0,60,0,1977,1,0,1
3,14,0,55,0,0,1,1,0
3,10,1,40,0,1590,1,1,0
2,15,1,50,0,0,0,1,1
2,14,1,40,0,0,0,1,0
3,9,0,40,0,0,1,1,1
1,9,0,40,0,0,1,1,0
3,9,1,40,0,0,0,1,0
1,9,1,35,0,0,1,0,0
1,10,1,40,0,0,0,0,0
1,10,1,40,0,0,1,1,0
2,9,0,45,0,0,1,1,0
3,9,0,50,0,0,1,1,1
0,10,1,55,0,0,1,1,0
2,9,0,20,0,0,1,1,0
2,9,1,40,0,0,1,1,0
2,10,1,40,0,0,0,1,0
3,10,0,40,0,0,1,1,0
5,10,0,15,0,0,1,1,0
4,14,1,40,0,0,0,1,1
3,9,0,38,0,0,1,1,0
3,14,0,50,0,0,1,1,1
3,9,0,50,15024,0,1,1,1
2,9,0,40,0,0,1,1,1
3,14,0,38,0,0,1,1,1
0,6,1,11,0,0,1,1,0
3,9,0,40,5178,0,1,1,1
4,9,0,40,0,0,1,1,0
2,13,1,48,0,0,1,1,1
1,10,0,40,0,0,1,1,0
2,10,0,36,0,0,1,1,1
2,10,1,50,0,0,1,1,0
4,10,1,10,0,0,0,1,0
5,9,0,15,0,0,1,1,1
3,9,0,40,0,0,1,1,1
2,9,1,40,0,0,1,0,0
3,13,1,45,0,0,1,1,0
1,9,0,40,0,0,1,1,0
1,9,1,25,0,0,0,1,0
1,9,1,40,0,0,1,1,0
3,9,0,50,0,0,1,1,1
5,4,0,60,0,0,1,1,1
2,9,0,40,0,0,1,0,0
3,10,0,40,0,0,0,1,1
2,9,1,40,0,0,1,1,0
3,12,1,40,0,0,0,1,0
4,13,0,60,0,0,1,1,1
2,10,1,40,0,0,0,0,0
1,10,1,40,0,0,1,0,0
3,10,1,48,0,0,1,1,0
3,10,0,60,0,0,1,1,0
1,13,1,43,0,0,1,1,0
5,6,0,32,0,0,1,1,0
1,4,1,60,0,0,1,0,0
4,3,1,25,0,0,1,1,0
3,13,0,40,0,0,1,1,0
2,13,0,55,0,0,1,1,0
5,16,0,35,20051,0,1,0,1
3,9,1,45,0,0,0,1,0
1,13,1,40,0,0,1,1,0
2,11,1,40,0,0,0,1,0
2,9,0,48,0,1485,1,1,0
1,13,1,55,0,0,1,1,0
2,9,1,40,0,0,1,1,0
1,13,1,50,0,0,0,0,0
4,9,0,40,0,0,1,1,1
4,10,1,20,0,0,0,1,1
1,11,0,55,0,0,1,1,0
3,13,1,40,0,0,0,1,0
2,10,1,40,0,0,0,1,0
0,7,1,40,0,0,0,1,0
2,13,1,32,0,0,0,1,1
4,9,1,60,0,0,0,1,0
2,13,0,50,0,0,1,1,1
2,10,1,40,0,0,1,1,0
2,9,0,40,0,0,0,1,1
1,10,1,24,0,0,0,0,0
2,13,0,54,0,1848,1,1,1
1,9,0,40,0,0,1,1,0
5,13,0,40,0,0,1,1,1
2,10,1,45,114,0,0,1,0
1,13,1,35,0,0,0,0,0
2,13,0,40,0,0,0,1,0
5,9,0,30,0,0,1,0,0
4,9,1,40,0,0,0,0,0
2,9,0,60,0,0,1,1,0
2,14,0,40,0,0,1,1,0
2,9,0,40,0,0,0,1,0
5,14,0,40,0,0,1,1,1
4,9,0,40,0,0,1,1,0
4,10,1,40,0,0,0,1,0
2,14,0,60,0,0,1,0,0
1,9,1,50,0,0,1,1,0
1,9,1,35,0,0,1,1,0
1,9,1,25,0,0,1,1,0
3,14,1,35,0,0,1,0,0
4,9,0,50,0,0,1,1,0
2,6,1,40,0,0,1,1,0
2,10,1,4,0,0,0,1,0
3,13,1,40,0,0,1,1,0
3,12,1,36,0,0,0,1,0
2,13,0,50,0,0,1,1,1
1,10,1,40,0,0,0,1,0
4,10,0,40,0,0,1,1,0
2,9,1,75,0,0,1,1,0
2,7,0,40,0,0,1,1,1
3,13,0,40,0,0,1,1,0
4,9,1,15,0,0,1,1,0
1,9,0,40,0,0,0,0,0
3,16,0,60,0,0,1,1,1
3,10,1,33,0,0,0,1,0
1,13,1,40,0,0,0,1,0
3,10,0,40,0,0,1,1,1
4,8,0,56,0,0,1,0,0
5,10,1,50,0,0,1,1,0
2,13,0,50,0,0,1,1,1
2,10,1,40,0,0,0,1,0
3,9,1,60,0,0,0,1,0
2,10,1,40,0,0,0,1,0
0,9,1,60,0,0,1,1,0
1,9,1,25,0,0,0,0,0
2,10,1,40,0,0,0,1,0
4,11,1,60,0,0,0,1,0
2,13,0,40,0,0,1,1,1
0,9,1,30,0,0,1,1,0
2,10,1,40,0,0,0,1,0
4,14,1,50,0,0,0,1,0
2,14,0,17,0,0,1,0,0
4,4,0,60,0,0,1,1,0
4,9,0,32,0,0,1,1,0
3,9,0,40,7688,0,1,1,1
5,12,0,20,0,0,1,0,0
2,9,1,40,0,0,0,1,0
1,10,0,54,0,0,1,1,0
1,9,1,40,0,0,1,1,0
3,10,0,38,4386,0,1,1,1
1,10,0,48,0,2377,1,1,0
3,11,0,22,0,0,1,1,0
1,8,1,35,0,0,1,1,0
2,13,1,15,0,0,0,1,0
2,14,1,60,0,0,1,1,0
4,13,0,55,7298,0,1,1,1
2,6,1,40,0,3770,1,1,0
0,7,1,15,0,0,0,1,0
3,14,0,55,0,0,1,1,1
1,10,1,30,0,0,1,0,0
2,10,0,50,0,1902,1,1,1
1,10,1,40,0,0,0,1,0
2,4,0,40,0,0,1,1,0
2,9,1,40,0,0,0,1,0
2,10,1,40,0,0,0,0,0
5,13,1,42,0,0,0,1,0
1,12,0,40,0,0,0,1,0
1,13,1,45,0,1741,1,1,0
3,14,0,45,0,0,1,1,0
1,7,0,50,0,0,1,1,1
2,10,1,40,0,0,0,1,0
4,1,0,40,0,0,1,0,0
1,9,1,34,0,0,0,1,0
3,10,0,40,0,0,1,1,1
4,10,1,40,0,0,1,1,0
2,13,0,55,0,0,1,1,1
1,16,0,35,0,0,1,1,1
0,10,1,18,0,0,1,1,0
1,10,1,40,0,0,1,1,0
2,13,0,50,0,0,1,1,1
4,7,0,40,0,0,1,1,0
0,9,1,40,0,0,0,0,0
2,9,0,50,0,0,1,1,1
1,9,1,40,0,0,1,0,0
4,10,1,30,10520,0,0,1,1
1,8,1,40,0,0,1,1,0
3,8,0,40,0,0,1,1,0
1,9,1,40,0,0,0,1,0
1,9,1,40,0,0,1,1,0
1,13,0,48,0,0,0,1,0
4,9,0,40,0,0,1,1,0
5,9,0,35,0,0,1,1,0
5,4,0,40,7688,0,1,0,1
1,13,1,50,0,0,0,1,0
1,9,0,40,0,0,1,0,0
1,10,1,40,0,0,1,1,0
4,6,1,30,0,0,0,1,0
1,9,1,50,0,0,1,1,0
3,15,0,45,0,0,1,1,1
4,14,0,70,0,0,0,1,1
4,13,0,40,0,1902,1,1,1
1,13,0,42,0,0,0,1,1
1,9,1,40,0,0,1,1,0
1,14,0,35,0,0,1,1,0
3,3,1,45,0,2339,0,1,0
1,9,1,40,0,0,0,1,0
5,11,1,40,0,0,0,1,0
4,9,1,45,0,0,0,1,0
3,9,0,40,0,0,1,1,0
1,11,1,40,0,0,0,1,0
3,13,0,50,0,1977,1,1,1
4,9,0,20,0,2051,1,1,0
3,10,1,40,0,0,0,1,0
2,9,1,38,0,0,0,1,0
3,9,0,46,0,0,1,1,0
3,10,1,40,0,0,0,1,0
3,9,1,40,0,0,0,1,0
4,10,1,40,0,0,0,1,0
3,14,0,40,0,0,1,1,1
5,13,0,5,0,0,1,1,1
3,11,0,40,0,0,1,1,0
3,13,1,40,0,0,0,1,0
2,12,0,45,0,1977,1,1,1
1,13,1,35,0,1980,0,1,0
2,9,0,40,0,0,0,1,0
3,10,0,60,0,0,1,1,0
3,15,0,60,0,0,1,1,0
2,6,1,35,0,0,1,0,0
1,10,1,15,0,0,0,1,0
1,13,1,35,0,0,1,0,0
0,9,1,35,0,0,0,1,0
4,9,1,38,0,0,0,1,0
0,7,1,22,0,0,0,1,0
3,8,1,40,0,0,0,1,0
3,11,0,40,0,0,1,1,0
0,10,1,40,0,0,1,1,0
2,9,1,38,0,0,0,1,0
5,6,0,40,0,0,1,1,0
4,13,0,60,0,0,1,1,0
1,13,1,40,0,0,0,1,0
3,14,1,40,0,0,0,1,0
1,11,1,38,0,0,0,1,0
1,10,0,55,0,0,1,0,0
3,13,0,50,0,0,1,1,1
2,12,1,50,4787,0,1,1,1
1,9,1,43,0,0,0,1,0
2,10,1,70,0,0,1,1,0
0,8,1,12,0,0,0,1,0
3,9,0,40,0,0,1,1,0
4,9,0,40,0,0,1,1,0
3,9,0,50,0,0,1,1,0
3,14,0,80,99999,0,1,1,1
4,10,0,55,0,0,1,1,0
2,14,0,40,0,0,0,1,0
5,15,1,16,0,0,0,1,0
1,2,1,40,0,0,0,0,0
1,9,1,1,0,0,1,1,0
4,10,0,40,0,0,1,1,0
3,10,0,40,0,0,0,1,0
5,14,0,40,0,0,1,1,1
4,10,0,45,7688,0,1,1,1
3,10,0,50,0,0,1,1,0
1,13,0,46,0,0,1,1,1
3,13,0,40,0,1887,1,1,1
4,9,0,40,0,0,1,1,0
1,13,1,64,0,0,1,0,1
1,10,1,25,0,0,0,1,0
4,9,0,55,0,0,1,1,1
1,9,1,40,0,0,1,1,0
4,9,0,46,0,0,1,1,1
4,13,0,40,0,0,1,1,1
3,3,1,45,0,0,1,1,0
3,14,0,50,0,0,1,1,1
2,6,1,48,0,0,1,1,0
5,9,1,18,0,0,0,1,0
1,10,1,40,0,0,1,1,0
2,15,0,55,0,0,1,1,1
2,12,0,52,0,0,1,1,0
1,12,1,65,0,0,1,1,1
4,9,1,38,0,1741,0,1,0
2,9,1,40,2174,0,1,1,0
2,14,0,40,7298,0,1,1,1
2,15,0,60,0,0,1,1,1
1,9,0,50,0,0,1,1,0
4,13,1,40,0,0,0,1,0
2,7,0,40,0,0,1,1,0
1,11,1,38,0,0,0,1,0
4,13,0,40,0,0,1,1,0
4,10,0,60,0,0,1,1,1
3,14,0,50,0,0,1,1,1
1,10,1,50,0,0,1,0,0
2,10,0,50,0,0,1,0,0
2,12,0,42,0,0,1,1,0
3,4,0,40,0,0,1,1,0
2,9,1,50,0,0,1,1,0
1,10,1,20,0,0,0,1,0
1,10,1,40,0,0,0,1,0
4,14,0,40,0,0,1,1,1
0,8,1,20,0,0,0,1,0
5,2,1,34,2062,0,0,0,0
4,6,0,35,0,0,1,1,0
4,13,0,45,0,0,1,1,1
2,9,0,30,0,0,1,1,0
3,9,0,40,0,0,1,1,1
0,7,1,15,0,0,0,1,0
1,13,0,40,0,0,1,1,0
1,12,1,45,0,0,1,1,0
1,10,1,50,0,0,1,1,0
4,13,0,40,0,0,1,0,0
5,9,1,20,0,0,1,1,0
4,14,1,40,0,0,0,1,0
2,13,0,50,5013,0,1,1,0
3,9,0,40,0,1887,1,1,1
2,9,0,40,0,0,1,1,0
1,9,0,40,0,0,1,0,0
0,9,1,40,0,0,1,1,0
1,7,1,40,0,0,1,1,0
1,9,0,40,0,0,1,1,0
3,7,1,40,0,0,0,1,0
1,9,0,40,0,0,1,1,0
1,10,1,40,0,0,0,1,0
1,10,1,40,0,0,0,1,0
1,9,1,40,0,0,1,1,0
2,14,1,40,0,0,1,1,1
3,9,0,40,0,1848,1,1,1
3,14,0,40,0,0,0,1,1
4,14,0,40,0,0,0,1,0
1,9,1,40,0,0,1,1,0
1,10,1,40,0,0,1,0,0
2,9,0,40,0,0,0,1,0
1,13,1,40,0,0,0,1,0
2,10,1,20,0,0,0,1,0
3,11,0,40,0,0,1,1,0
3,9,0,40,0,0,1,1,0
2,7,1,8,0,0,0,0,0
3,10,0,60,3103,0,1,1,1
2,12,1,40,0,0,0,1,0
3,13,0,50,0,0,1,1,1
2,10,0,50,0,0,1,0,0
1,9,0,20,0,0,0,1,0
4,4,1,40,0,0,1,1,0
5,11,1,40,3273,0,0,1,0
1,9,1,40,0,0,0,1,0
3,9,0,40,0,0,1,1,0
0,6,0,40,0,0,0,1,0
4,11,0,84,0,0,1,1,0
1,9,1,30,0,0,1,1,0
1,13,1,40,0,0,0,1,0
5,14,1,40,0,0,0,1,1
2,13,0,40,0,0,1,1,0
2,10,1,40,0,0,1,1,0
1,13,1,42,0,0,0,1,0
1,9,1,40,0,0,1,1,0
3,9,1,40,0,0,1,1,0
1,9,1,50,0,0,0,1,0
4,9,0,40,0,0,1,1,1
1,6,1,45,0,0,1,1,0
1,9,1,40,0,0,1,1,0
2,9,1,40,0,0,0,1,0
2,13,1,85,0,0,1,0,1
1,13,1,40,0,0,1,1,0
2,13,1,40,0,0,1,1,1
1,10,1,48,0,0,1,1,0
1,9,0,40,3411,0,1,1,0
4,13,1,45,0,0,0,1,0
1,10,1,60,0,0,0,1,0
2,13,0,45,0,0,1,1,1
5,9,0,50,1409,0,1,1,0
2,14,1,55,0,0,0,1,0
3,9,1,25,0,0,0,1,0
2,14,1,50,0,2258,1,1,0
3,14,0,40,15024,0,1,1,1
3,10,1,40,0,0,0,1,0
2,10,0,15,0,0,0,1,0
0,6,1,30,0,0,1,1,0
1,10,1,40,0,0,1,1,0
3,12,1,50,8614,0,1,1,1
1,9,1,30,0,0,0,1,0
3,10,0,40,0,0,1,1,0
1,10,1,40,0,0,0,1,0
5,1,1,40,0,0,0,0,0
2,15,0,35,0,0,1,0,0
2,9,1,40,0,0,1,1,0
3,15,0,60,0,0,1,0,1
2,9,0,55,0,0,1,1,1
3,9,0,40,0,0,1,1,0
1,7,1,40,0,0,0,0,0
3,11,1,30,0,0,1,1,0
1,10,0,40,0,0,1,1,1
1,9,1,42,0,0,1,1,0
4,9,1,41,0,0,1,1,0
5,10,1,40,0,0,0,1,0
1,10,1,15,0,0,1,1,0
4,14,1,27,0,0,0,1,0
1,5,0,42,0,0,1,1,0
3,10,0,40,0,0,0,1,1
4,13,0,50,0,0,1,1,1
1,14,1,40,0,0,0,1,0
2,9,1,25,0,0,0,1,0
2,13,1,48,13550,0,1,1,1
3,9,0,40,0,0,1,1,1
2,10,1,40,0,0,0,1,0
3,10,0,50,0,0,0,1,0
2,10,0,55,0,0,1,1,1
2,9,1,40,0,0,0,0,0
1,10,1,40,0,0,1,1,0
2,9,1,37,0,0,1,1,0
4,10,0,45,0,0,1,1,0
2,11,1,35,0,0,0,1,0
5,16,1,30,0,0,1,1,0
2,10,1,35,0,0,1,1,0
4,9,0,40,7688,0,0,1,1
2,13,0,45,15024,0,1,1,1
1,11,1,50,0,0,1,1,0
2,13,0,40,0,0,1,1,1
3,13,0,40,0,0,1,1,1
5,4,1,35,0,0,0,1,0
2,9,0,38,0,0,0,1,0
4,9,1,12,0,0,0,1,0
2,9,1,36,0,0,1,1,0
2,9,1,40,0,0,0,1,0
1,10,1,30,0,0,0,1,0
2,9,1,40,0,0,1,1,0
4,9,1,40,0,0,0,1,0
1,10,1,40,0,0,0,1,0
2,4,1,25,0,0,1,1,0
1,9,1,40,0,0,0,1,0
1,10,0,35,0,0,0,1,0
3,9,1,28,0,0,1,1,0
1,10,1,20,0,0,1,1,0
1,10,1,40,0,0,1,1,0
3,10,0,20,0,0,0,1,0
2,9,0,20,0,0,1,1,0
1,3,0,40,0,0,1,0,0
1,11,1,36,2174,0,0,1,0
1,10,0,60,0,0,1,1,0
2,9,0,40,0,0,1,1,0
3,14,1,40,3325,0,0,1,0
3,13,0,60,0,0,1,1,0
2,13,0,35,0,0,0,1,1
2,14,1,40,0,0,0,1,0
4,13,0,40,0,0,1,1,1
1,11,0,50,99999,0,1,1,1
4,10,1,20,0,0,0,1,0
2,12,1,40,0,0,0,1,0
3,14,1,43,0,0,0,1,0
4,9,0,40,0,0,1,1,1
3,9,1,40,0,0,0,1,0
2,8,1,35,0,0,1,1,0
2,13,1,45,0,0,1,1,1
1,9,1,38,0,0,1,1,0
2,9,1,40,0,0,1,1,0
3,10,1,50,3325,0,1,1,0
4,14,0,44,4787,0,0,1,1
1,13,1,30,0,0,0,1,0
2,16,0,55,0,0,1,1,1
0,9,1,16,0,0,1,1,0
1,10,1,15,0,0,1,1,0
1,13,1,50,0,0,0,1,0
1,10,1,40,0,0,0,1,0
2,9,1,30,0,1594,0,1,0
3,12,0,40,0,0,1,1,0
3,13,1,50,0,0,0,1,0
2,9,0,55,0,0,1,1,0
2,9,0,40,0,0,1,1,1
5,13,1,40,0,0,0,1,0
0,10,1,8,0,0,1,1,0
1,9,1,55,0,0,1,1,0
2,13,0,40,0,0,1,0,1
2,9,0,45,0,0,1,1,0
4,13,0,44,0,0,1,1,1
3,9,0,50,0,0,1,1,1
2,10,1,10,0,0,0,1,0
2,9,1,40,0,0,1,1,0
2,7,1,40,0,0,1,1,0
2,10,1,50,0,0,1,1,0
4,13,1,37,2174,0,1,1,0
3,13,0,40,0,0,1,1,0
1,10,1,20,0,0,0,1,0
2,13,0,55,0,0,1,1,1
3,11,0,40,0,0,1,1,1
4,4,1,38,0,0,0,1,0
2,9,1,38,0,0,0,1,0
3,6,1,38,0,0,0,0,0
2,9,0,60,0,0,1,1,1
1,10,1,50,0,0,0,1,0
4,10,0,40,4064,0,1,1,0
5,14,1,40,3273,0,0,1,0
2,9,1,50,0,0,1,1,0
1,7,1,45,0,0,1,0,0
2,5,1,40,0,0,1,0,0
3,13,0,40,7298,0,1,1,1
1,13,1,40,0,0,1,1,0
3,13,1,50,0,0,0,1,0
1,9,1,40,0,0,1,1,0
1,13,0,30,0,0,1,1,0
3,9,1,40,0,0,1,1,0
4,6,1,24,0,0,0,1,0
4,6,0,40,0,0,1,1,0
3,12,1,40,0,0,0,1,0
0,10,1,20,0,0,0,1,0
3,14,0,35,0,1902,0,1,1
1,9,0,40,0,0,1,1,0
2,9,0,40,0,0,1,1,0
1,10,1,40,0,0,1,0,0
5,13,0,45,15024,0,1,1,1
2,10,1,40,0,0,1,1,0
5,15,1,20,0,0,0,1,0
1,10,1,15,0,0,0,1,0
3,9,1,40,0,0,1,1,0
1,13,1,40,0,0,1,1,0
2,9,1,40,0,0,1,1,0
2,4,1,40,0,0,1,1,0
1,13,1,45,0,0,1,1,0
2,14,0,40,7688,0,1,1,1
3,9,0,40,0,0,1,1,1
2,10,1,36,0,0,0,1,0
4,13,0,45,0,0,1,1,1
3,12,1,45,0,0,0,1,0
1,13,0,45,0,0,0,1,1
3,13,1,44,0,0,1,1,1
1,13,1,25,0,0,0,1,0
4,10,1,40,0,0,1,1,0
2,11,0,50,0,0,1,1,0
1,9,1,40,0,0,1,1,0
4,14,0,40,0,0,1,1,1
2,4,1,40,0,0,0,1,0
2,9,1,40,0,0,1,0,0
3,13,1,35,0,0,0,1,0
1,10,1,44,0,0,1,1,0
3,9,0,40,0,0,1,1,0
1,9,0,40,0,0,1,1,0
3,9,1,20,0,0,1,1,0
3,14,1,50,0,0,0,1,1
0,7,1,25,0,0,1,1,0
1,10,1,16,0,0,0,1,0
4,9,1,40,0,0,0,1,0
1,10,1,35,0,0,1,0,0
1,9,1,45,0,0,1,1,0
4,9,0,50,0,0,1,1,0
3,10,1,20,0,0,0,1,0
1,12,1,30,0,0,1,1,0
4,9,0,40,0,0,1,1,0
1,13,1,50,0,0,1,1,0
4,13,0,40,0,0,1,0,1
3,15,1,40,0,0,0,0,0
0,9,1,40,0,0,0,1,0
2,6,0,40,2635,0,1,1,0
2,9,1,30,2036,0,1,1,0
2,9,0,40,0,0,0,1,0
3,10,1,40,0,0,0,1,0
4,9,0,40,0,0,1,1,0
4,14,1,35,0,0,1,1,1
3,11,1,40,0,0,0,1,0
3,11,0,99,0,0,1,1,0
3,9,0,40,0,0,1,1,0
4,10,0,50,0,0,1,1,0
2,10,0,40,0,0,1,1,0
2,8,1,20,0,0,1,1,0
3,13,1,40,0,0,1,1,0
1,6,1,40,0,0,0,1,0
1,10,1,40,0,0,1,1,0
0,10,1,20,0,0,0,1,0
1,10,1,40,0,0,1,1,0
5,10,0,70,2653,0,1,1,0
0,6,1,30,0,0,1,1,0
2,9,1,37,0,0,0,1,0
3,10,1,55,3325,0,1,1,0
2,13,1,40,0,0,0,1,0
1,13,1,20,0,0,0,1,0
1,9,1,40,0,0,1,1,0
1,10,1,60,0,0,1,1,0
3,10,1,40,0,0,0,1,0
1,8,1,40,0,0,1,1,0
3,9,1,40,0,0,0,1,0
3,4,0,75,0,0,1,0,0
1,10,1,40,0,0,1,1,0
4,11,1,50,0,0,1,1,0
2,14,1,40,0,0,1,1,1
5,9,0,35,0,0,1,1,1
2,13,1,39,0,0,0,1,0
0,6,1,12,0,0,0,1,0
4,10,1,35,0,0,0,1,0
1,13,1,55,0,0,0,1,0
5,9,1,37,0,0,0,1,0
2,14,0,60,0,1977,1,1,1
3,10,1,30,1831,0,0,1,0
4,13,0,13,4386,0,1,1,1
2,10,0,61,0,0,1,1,1
5,4,0,40,0,0,1,1,0
5,4,0,40,0,0,1,0,0
5,6,0,40,0,0,1,1,0
2,10,1,40,0,0,0,1,0
2,13,0,36,7298,0,1,1,1
2,10,0,45,0,0,1,1,1
4,13,1,50,0,0,0,1,0
1,10,0,60,0,0,1,1,0
3,14,0,40,0,0,1,1,0
3,11,0,15,0,0,0,1,0
3,10,1,35,0,0,0,1,0
1,12,1,9,0,0,0,1,0
1,9,1,20,0,0,1,1,0
1,13,1,50,0,0,0,1,0
3,13,0,55,0,0,1,1,1
0,6,1,20,0,0,1,1,0
0,10,1,25,0,0,0,1,0
1,14,1,40,0,0,0,1,0
2,13,0,40,0,0,1,1,1
2,9,0,40,0,0,1,1,1
1,13,0,40,0,0,1,1,0
2,9,0,50,0,0,1,1,0
3,9,0,40,0,0,1,1,0
1,10,0,40,0,0,0,1,0
1,13,1,40,0,0,1,1,0
1,9,1,50,0,0,0,1,0
3,13,1,45,0,0,0,1,1
4,2,1,40,0,0,0,0,0
3,9,0,40,0,0,1,1,0
3,10,1,60,0,2258,1,1,0
1,13,1,35,0,0,1,1,0
0,9,1,40,0,0,0,1,0
0,7,1,8,0,0,0,1,0
2,9,0,50,5178,0,1,1,1
1,9,1,40,0,0,0,1,0
3,10,0,50,15024,0,1,1,1
3,9,0,40,0,0,0,1,1
4,10,0,50,0,0,1,1,0
1,9,1,40,0,0,1,1,0
3,9,1,40,0,0,1,1,0
4,13,0,60,0,0,1,1,1
3,14,0,40,0,0,1,1,0
1,10,1,40,0,0,1,1,0
3,15,0,60,0,0,1,1,1
5,12,1,6,2964,0,0,0,0
4,9,0,40,0,0,1,1,1
1,11,1,60,2174,0,0,1,0
1,3,0,45,0,0,1,0,0
2,5,0,50,3781,0,1,0,0
1,13,1,37,0,0,1,1,0
5,9,1,32,0,0,0,1,0
4,16,1,55,0,0,0,1,1
2,13,1,35,0,0,0,1,0
1,10,1,20,0,0,0,1,0
5,3,1,16,0,0,0,1,0
3,13,0,40,0,0,1,1,0
4,14,0,40,0,0,1,1,0
2,6,0,40,0,0,1,1,0
3,14,0,45,0,0,1,1,1
3,14,0,40,0,0,1,1,1
3,9,1,40,0,0,1,1,0
2,13,0,77,3137,0,1,0,0
3,14,0,40,0,0,1,1,1
0,6,1,45,0,1602,1,1,0
1,9,1,40,0,0,0,1,0
5,4,1,12,0,0,0,1,0
4,9,1,40,0,0,1,1,0
2,9,1,40,0,1138,0,1,0
0,7,1,5,0,0,0,1,0
5,9,0,24,0,0,1,1,0
1,9,1,41,0,0,0,1,0
2,13,0,50,15024,0,1,1,1
3,10,0,50,0,0,1,1,1
0,10,1,23,0,0,0,1,0
2,9,0,40,0,0,1,1,1
4,10,0,50,3137,0,1,1,0
1,9,0,40,0,0,1,1,0
3,13,0,40,0,0,1,0,1
2,9,0,40,0,0,1,1,0
2,13,0,20,0,0,1,1,0
2,10,0,40,15024,0,1,1,1
5,13,0,45,0,0,1,1,1
3,13,0,48,0,0,1,0,1
1,10,1,25,0,0,1,1,0
1,13,1,40,0,0,1,1,0
5,11,1,25,6723,0,0,1,0
4,14,0,38,0,0,1,0,1
4,9,0,45,0,0,1,1,1
2,9,0,40,0,0,1,1,0
1,13,1,40,0,0,1,1,0
1,10,1,50,0,0,0,1,0
0,10,1,35,0,0,1,1,0
2,11,0,40,0,0,1,1,0
3,13,1,45,9562,0,1,1,1
5,10,1,40,0,0,0,1,0
3,10,1,40,0,0,0,1,0
3,9,1,40,0,0,1,1,0
1,9,1,40,0,0,1,1,0
2,10,0,40,0,0,1,1,1
4,9,1,40,0,0,0,1,0
3,9,0,40,0,0,1,1,0
3,9,0,44,0,0,1,1,1
1,9,1,40,0,0,0,1,0
2,9,0,40,0,0,1,0,0
2,14,0,40,0,0,1,1,0
2,9,0,35,0,0,1,0,0
4,9,1,35,0,0,0,1,0
2,7,1,65,0,0,1,1,0
2,9,0,40,4064,0,1,1,0
2,9,0,45,0,0,1,1,0
2,10,0,40,7688,0,1,1,1
3,10,1,40,0,0,0,1,0
2,9,0,50,0,0,1,1,0
3,10,1,40,0,0,0,1,0
2,10,1,38,2463,0,0,1,0
2,10,1,37,0,0,0,1,0
1,8,0,40,0,0,1,0,0
4,9,0,40,0,0,1,1,0
0,9,1,40,0,0,0,1,0
3,9,1,15,0,0,0,1,0
3,9,0,38,0,0,1,1,0
3,13,0,40,0,1887,1,1,1
0,9,1,25,0,0,1,1,0
1,4,1,40,0,0,1,1,0
1,9,1,40,0,0,1,1,0
2,3,0,60,0,0,1,0,0
2,9,1,40,0,0,0,1,0
2,13,1,40,0,0,0,1,0
1,9,1,40,0,0,0,1,0
5,16,0,55,0,0,1,1,1
4,9,1,40,0,0,0,1,0
3,11,1,44,0,0,0,1,0
4,10,1,40,0,0,1,1,0
3,14,0,40,0,1848,1,1,1
5,10,0,45,0,0,1,1,0
3,13,1,50,0,0,0,1,0
0,9,1,40,0,0,1,1,0
2,9,0,60,0,0,0,1,0
5,4,1,20,0,0,1,1,0
2,9,1,40,0,0,1,1,0
2,9,1,50,0,0,0,1,0
2,12,0,55,0,0,1,1,0
2,9,0,90,0,0,1,1,0
2,9,0,40,0,0,1,1,0
2,9,0,85,0,0,1,1,0
3,13,1,55,0,0,0,1,0
2,6,0,45,0,0,1,1,1
1,9,1,45,3325,0,1,1,0
2,14,0,40,0,0,1,1,0
1,13,1,2,0,0,1,1,0
3,9,0,45,0,0,1,1,0
5,10,1,3,0,0,0,1,0
2,9,0,40,7298,0,1,1,1
1,10,0,40,0,0,1,1,0
4,16,0,70,99999,0,1,1,1
3,10,0,40,0,0,0,0,0
0,8,1,18,0,0,0,1,0
4,14,0,50,0,0,1,1,1
3,14,1,40,0,0,1,1,0
2,14,0,40,0,0,1,1,1
0,9,1,11,0,0,1,1,0
1,9,1,35,0,0,0,1,0
1,3,1,40,0,0,1,0,0
1,10,1,25,0,0,0,1,0
5,4,0,54,0,0,1,1,0
0,8,1,10,0,0,1,1,0
3,13,0,40,0,0,1,1,0
5,7,0,35,6418,0,1,1,1
5,4,1,10,0,0,1,1,0
2,9,0,50,0,0,1,1,0
2,13,0,45,0,0,0,1,1
2,10,1,45,4650,0,1,1,0
3,15,0,60,0,1902,1,1,1
4,10,0,40,0,0,1,1,1
4,4,1,40,0,0,0,1,0
4,9,0,52,0,1902,1,1,1
5,8,0,40,0,0,1,1,1
2,9,1,8,0,0,0,1,0
4,9,0,36,0,0,1,1,1
4,9,0,45,3103,0,1,1,1
3,14,0,50,0,0,1,1,1
4,9,0,40,0,0,1,0,0
5,9,0,50,0,0,1,1,0
1,10,1,35,0,0,1,1,0
1,9,1,75,0,1876,1,1,0
2,10,1,35,0,0,1,1,0
1,10,1,40,0,0,1,1,0
1,7,1,40,0,0,1,1,0
2,9,1,40,0,0,0,1,0
0,7,1,12,0,0,1,1,0
5,2,1,45,0,0,1,0,0
1,9,1,40,0,0,1,1,0
3,10,1,25,0,0,0,1,0
3,11,1,40,0,0,0,1,0
2,9,0,40,7298,0,1,1,1
1,11,0,45,0,0,1,1,0
1,9,1,40,0,0,1,1,0
3,16,1,45,0,0,1,1,0
1,9,1,40,0,0,0,1,0
4,10,1,40,0,0,0,1,0
1,9,1,35,0,0,1,1,0
4,9,0,40,0,0,1,1,0
3,10,1,35,0,0,0,0,0
1,2,0,40,0,0,1,0,0
2,16,0,35,0,0,0,1,0
3,3,0,32,0,0,0,0,0
4,9,0,40,0,0,1,1,0
5,2,1,12,0,0,0,1,0
2,14,1,40,4865,0,0,1,0
2,9,0,40,0,0,1,1,0
2,9,1,36,0,0,0,1,0
2,9,1,16,0,0,0,1,0
3,9,0,45,0,1977,1,1,1
3,9,0,55,7688,0,1,1,1
4,14,1,50,25236,0,1,1,1
3,9,0,60,0,0,1,1,0
2,9,1,35,0,0,0,1,0
3,10,1,20,0,0,0,1,0
0,7,1,8,0,0,1,1,0
4,4,1,40,0,0,0,1,0
1,10,1,40,4865,0,0,1,0
4,16,0,50,0,0,1,1,1
3,9,1,45,0,0,0,1,0
2,16,0,50,0,0,1,0,0
2,10,0,40,0,0,1,0,0
3,9,0,60,0,0,1,1,1
3,11,0,50,0,0,1,1,1
3,9,1,48,0,0,1,1,0
3,10,1,60,3325,0,0,1,0
2,11,1,39,0,0,0,1,0
3,13,1,50,4934,0,0,1,1
3,14,0,38,0,0,1,1,1
2,13,1,40,0,0,1,1,0
1,9,1,40,0,1980,1,1,0
4,3,0,24,0,0,0,0,0
3,13,0,40,0,0,1,1,0
3,9,0,40,0,0,1,1,0
3,7,0,40,0,0,1,1,1
1,10,0,70,3411,0,1,0,0
4,9,0,60,0,0,1,1,0
1,10,1,40,0,0,1,1,0
4,10,0,48,0,0,1,1,1
1,9,1,40,0,0,0,1,0
3,5,0,40,0,0,1,1,0
2,9,1,40,0,0,0,1,0
1,10,1,25,0,0,0,1,0
2,6,0,40,0,0,1,1,1
1,9,0,40,0,0,1,0,0
2,10,0,20,4386,0,0,1,0
2,9,0,40,0,0,1,1,0
1,3,0,48,0,0,1,0,0
2,13,1,46,0,0,0,1,0
4,9,0,50,0,0,1,1,1
1,10,1,20,0,0,1,1,0
1,9,1,40,0,0,1,1,0
3,13,1,45,0,0,0,0,0
4,10,1,45,0,0,0,1,0
1,9,1,30,0,0,1,1,0
1,10,1,30,0,0,1,1,0
1,7,1,40,0,0,1,1,0
5,7,0,40,0,0,1,1,0
0,9,1,20,0,0,0,1,0
1,13,1,40,0,0,1,1,0
0,10,1,24,594,0,1,1,0
1,10,1,50,0,0,1,1,0
2,9,1,40,0,0,0,1,0
1,9,1,40,0,0,0,1,0
3,14,0,60,0,0,1,1,0
1,13,1,30,0,0,1,1,0
3,9,1,40,0,0,1,1,0
2,7,0,40,0,0,1,1,0
4,10,0,40,0,0,1,1,1
0,9,1,30,0,0,1,1,0
0,9,1,30,0,0,1,1,0
3,9,0,38,0,0,0,1,0
4,13,0,50,0,0,1,1,0
4,10,1,40,0,0,0,1,0
2,10,1,40,0,0,0,1,0
1,11,1,40,0,0,0,1,0
2,9,0,40,0,0,1,1,1
3,9,0,45,0,0,1,1,1
3,14,0,45,0,0,1,1,1
4,9,1,40,0,0,0,1,0
3,6,1,40,0,0,1,1,0
0,10,1,10,0,0,0,1,0
1,10,1,40,0,0,1,1,0
1,12,1,40,0,0,1,1,0
1,10,0,42,0,0,0,1,1
2,11,1,99,0,0,0,1,0
2,10,0,52,0,0,1,1,1
4,9,0,40,0,0,1,1,1
3,13,0,90,0,0,1,1,0
4,9,1,40,0,0,0,1,0
4,10,1,50,0,0,0,1,1
4,10,1,40,0,0,0,1,0
2,9,0,45,0,0,1,1,0
1,13,0,40,0,0,1,1,1
1,5,1,40,0,0,1,1,0
0,9,1,20,0,0,1,1,0
2,8,0,48,0,0,1,1,0
2,13,1,40,0,0,1,1,0
0,10,1,50,0,0,1,1,0
3,10,0,60,0,0,1,1,0
5,10,1,40,0,0,1,1,0
4,13,1,50,0,0,0,0,0
2,12,1,40,0,0,0,1,0
3,13,1,40,0,0,1,1,0
2,13,0,43,7688,0,0,1,1
2,9,1,40,0,0,1,1,0
2,13,0,80,0,0,1,1,0
3,14,0,40,0,0,1,1,1
3,10,0,45,0,0,1,1,0
3,9,0,40,0,0,1,0,0
1,9,0,40,0,0,0,0,0
4,4,0,50,0,0,1,1,0
3,13,0,35,0,0,1,1,1
5,9,0,40,0,0,1,1,0
2,9,1,40,0,0,1,1,0
3,9,1,30,0,0,0,1,0
1,7,0,60,0,0,1,1,0
1,9,1,40,0,0,1,1,0
1,10,1,40,0,0,0,1,0
4,13,0,40,0,0,1,1,1
3,13,1,5,0,0,0,1,0
0,7,1,20,0,0,1,1,0
5,4,0,40,0,0,1,1,0
5,9,1,35,0,0,0,1,1
4,9,0,40,0,0,1,1,0
3,9,1,40,0,0,0,1,0
3,10,1,40,0,0,1,1,0
4,9,1,20,0,0,0,1,0
1,10,1,30,0,0,1,1,0
1,9,0,96,0,0,1,1,0
2,9,0,50,0,0,1,1,0
5,3,0,22,0,0,1,1,0
4,9,0,60,0,0,1,1,0
1,10,1,40,0,0,1,1,0
3,10,0,30,0,0,0,0,1
2,11,1,20,0,0,1,1,0
3,10,1,40,0,0,0,1,0
1,9,0,40,0,0,1,1,1
3,11,1,45,0,0,0,1,0
1,12,0,40,0,0,1,1,0
2,9,0,45,0,0,1,1,1
2,13,0,20,0,0,1,0,1
2,9,0,40,0,0,1,1,0
5,14,0,48,0,0,1,1,1
2,9,0,40,0,0,1,1,0
2,16,0,45,0,0,1,1,1
5,13,0,50,20051,0,1,1,1
3,3,0,40,0,0,1,1,0
2,9,1,60,0,0,1,1,0
2,9,0,40,0,0,0,1,0
1,10,1,45,0,0,1,1,0
3,9,0,40,0,0,1,1,0
4,5,0,48,0,0,1,1,0
3,9,0,30,0,0,0,1,0
1,13,0,40,0,0,1,0,0
1,9,1,40,0,0,0,1,0
3,9,0,40,0,0,1,1,0
4,8,1,40,0,0,0,1,0
3,9,1,40,0,0,0,1,0
1,11,1,65,0,0,1,1,0
3,10,0,72,0,0,1,1,1
2,9,0,50,0,0,1,1,0
2,13,1,50,0,0,1,1,0
1,10,1,20,0,0,0,1,0
1,11,0,45,0,0,1,1,0
2,13,0,40,0,0,1,1,0
2,14,1,50,0,0,0,0,1
3,13,0,60,0,0,1,1,1
2,10,0,50,0,0,1,1,0
0,7,1,20,0,0,1,1,0
2,9,1,40,0,0,1,1,0
2,10,1,20,0,0,0,1,0
1,13,1,40,0,0,1,1,0
4,9,0,40,0,0,1,1,0
3,13,0,60,15024,0,1,1,1
1,6,1,40,0,0,1,1,0
2,9,1,40,0,0,1,0,0
1,10,1,24,0,0,1,1,0
1,13,1,40,0,0,0,1,0
1,10,1,40,4101,0,0,1,0
1,13,0,45,15024,0,0,1,1
5,15,0,40,0,0,1,1,0
2,13,1,55,0,0,0,1,1
1,10,1,40,0,0,0,1,0
4,13,1,40,0,0,0,1,0
1,10,1,40,0,0,0,1,0
3,13,0,40,0,0,1,1,1
2,9,1,40,0,0,0,1,0
3,10,1,48,0,0,1,1,0
2,12,0,10,0,2042,1,1,0
1,11,1,40,0,0,0,1,0
2,9,1,42,0,2258,1,1,1
3,9,0,45,0,0,1,1,0
1,13,1,40,0,0,1,0,0
1,7,0,40,0,0,1,1,0
2,13,0,45,15024,0,1,1,1
5,9,0,40,0,0,1,1,0
4,9,0,40,0,0,1,1,0
2,10,0,38,0,1902,1,1,1
1,11,0,40,0,0,1,1,0
3,9,1,40,0,0,0,1,0
3,10,1,40,0,0,0,1,1
2,10,0,30,0,0,0,1,0
1,10,1,25,0,0,1,1,0
2,9,1,38,0,0,0,1,0
1,10,1,36,0,0,0,1,0
1,10,1,43,0,0,1,1,0
5,9,0,60,0,1848,1,1,1
1,9,0,40,0,0,1,1,0
3,13,0,45,0,0,1,1,0
4,9,1,40,0,0,0,1,0
4,9,0,36,0,0,1,1,1
1,9,1,19,0,0,0,1,0
0,6,1,10,0,0,0,1,0
2,10,0,40,0,0,0,1,0
5,11,1,50,25124,0,0,1,1
3,5,0,50,0,0,0,1,0
0,6,1,18,0,0,1,1,0
2,9,1,40,0,0,1,0,0
3,13,0,40,3137,0,1,1,0
2,11,0,40,0,0,1,1,0
2,11,1,40,0,0,0,1,0
1,9,1,45,0,0,1,1,0
3,11,0,20,0,0,1,1,0
1,13,1,40,0,0,0,1,0
5,13,0,30,0,0,1,0,0
1,9,1,40,0,0,1,1,0
1,9,1,26,0,1594,0,1,0
5,10,0,16,0,0,1,1,0
2,11,1,40,0,0,0,1,0
2,11,1,55,0,0,0,1,0
3,10,0,55,0,0,1,1,1
3,9,1,30,0,0,1,1,0
3,10,0,40,0,0,1,1,1
5,9,0,18,0,0,1,1,0
0,9,1,30,0,0,0,1,0
2,14,0,55,0,0,1,1,1
3,9,1,28,0,0,0,0,0
1,10,1,30,0,0,0,1,0
2,12,1,40,0,0,1,1,0
4,8,1,50,0,0,1,1,0
2,10,0,40,0,0,1,1,0
2,15,1,50,14084,0,1,1,1
1,13,1,40,0,0,1,1,0
3,14,1,15,0,0,0,1,0
1,9,1,40,0,0,1,1,0
2,13,0,40,0,0,1,1,1
2,7,1,32,0,0,0,1,0
2,9,0,40,0,0,1,1,0
5,13,0,40,99999,0,1,1,1
4,9,1,40,0,0,0,1,0
2,13,1,45,0,0,1,1,1
3,11,0,40,4386,0,1,1,0
1,10,1,12,0,0,0,1,0
3,9,0,40,0,0,1,1,1
3,9,0,35,0,0,0,1,0
1,9,1,35,0,0,1,1,0
2,12,1,40,0,0,1,1,0
2,12,1,30,0,0,0,1,0
2,5,0,40,0,0,1,0,0
2,10,1,45,0,0,1,0,0
5,9,1,20,0,0,1,1,0
5,9,1,32,0,0,0,1,0
4,9,0,40,0,0,0,1,0
2,16,0,55,7298,0,1,1,1
3,14,0,40,0,0,1,1,1
2,13,1,40,0,0,1,1,0
1,9,1,50,0,0,0,1,0
2,10,1,50,0,0,0,1,0
2,9,0,40,0,0,0,1,0
1,13,1,35,0,0,0,1,0
3,9,0,56,0,0,1,1,1
3,10,0,40,0,0,1,1,1
2,13,0,40,0,0,1,1,1
4,9,1,42,0,0,1,1,1
1,6,1,15,0,0,0,1,0
3,12,1,50,0,0,1,1,0
1,9,0,40,0,0,0,1,0
3,10,0,40,0,0,1,1,0
3,9,0,50,0,1672,1,1,0
3,10,0,40,0,0,1,1,1
2,10,0,40,0,0,1,1,1
4,8,0,99,0,0,1,1,0
2,12,1,40,0,0,1,1,0
2,3,0,36,0,0,1,0,0
2,15,0,40,0,0,1,1,1
2,11,0,55,0,0,1,1,0
1,10,1,40,0,0,1,1,0
2,13,1,45,0,0,0,1,0
3,15,0,55,0,0,1,1,1
2,10,0,45,0,0,1,1,0
3,10,0,40,0,0,1,1,0
2,11,0,40,0,0,1,1,0
1,3,1,40,2176,0,0,0,0
1,9,0,45,0,0,1,1,0
1,9,1,40,2174,0,1,1,0
2,9,0,40,0,0,1,1,0
3,10,0,40,0,0,1,1,0
3,10,0,60,0,0,1,1,0
2,9,1,48,0,0,0,1,0
3,9,1,35,0,0,1,1,0
5,10,0,35,10566,0,0,1,0
4,5,0,40,0,0,1,1,0
2,10,1,40,0,0,0,1,0
1,9,1,40,0,0,1,0,0
5,14,1,45,0,0,0,1,0
4,12,0,30,3103,0,1,1,1
3,13,0,48,0,0,1,1,1
2,12,0,24,0,0,1,1,0
2,13,1,45,0,0,0,1,0
1,9,0,60,0,0,1,1,0
4,4,0,48,0,0,1,1,0
2,10,1,40,0,0,1,0,0
3,1,1,25,0,0,1,1,0
1,6,0,25,0,0,1,1,0
1,13,1,40,0,0,1,1,0
1,10,1,40,0,0,0,1,0
1,10,0,30,0,0,0,1,1
4,10,1,40,0,0,1,1,0
2,9,0,60,0,0,1,1,0
5,10,0,40,0,0,1,1,0
2,9,1,40,0,0,1,1,0
1,13,0,42,7298,0,1,1,1
4,9,0,70,0,0,1,1,1
2,7,1,30,0,0,1,1,0
2,9,1,42,0,0,1,1,0
3,14,1,25,0,0,0,1,0
3,14,1,35,0,0,0,1,0
2,11,0,40,0,0,1,1,0
2,9,0,30,0,0,1,1,0
2,9,1,40,0,0,1,1,0
2,2,0,40,0,0,1,0,0
4,13,0,20,0,0,1,1,0
1,13,1,40,0,0,0,1,0
0,10,1,35,0,0,1,1,0
2,9,1,40,0,0,1,1,0
3,10,1,40,0,0,0,1,0
0,7,1,16,0,0,1,0,0
0,9,1,30,0,0,1,1,0
2,12,0,55,0,0,1,1,1
2,13,0,35,0,0,0,0,1
2,10,1,40,0,0,1,1,0
2,9,0,60,0,1887,1,1,1
1,6,1,40,0,0,1,1,0
5,9,0,40,0,0,1,1,0
3,8,0,35,0,0,1,1,1
3,9,0,40,0,0,1,1,0
4,10,0,45,0,0,1,1,1
0,9,1,40,0,0,0,1,0
3,14,0,50,0,0,1,0,0
1,15,1,8,0,0,0,0,0
3,9,1,40,0,0,0,1,0
1,10,1,10,0,0,0,1,0
4,13,0,50,0,0,1,1,1
1,7,1,20,0,0,0,1,0
2,14,1,40,0,0,0,1,0
1,9,1,50,0,0,1,1,0
1,9,1,40,0,0,1,1,0
1,9,1,40,0,0,1,1,0
1,10,1,40,0,0,1,1,0
3,12,0,50,0,1887,1,1,1
2,9,0,40,0,0,1,1,0
1,9,1,40,0,0,1,1,0
1,10,1,30,0,0,1,1,0
2,9,0,48,0,0,1,1,0
0,9,1,35,0,0,0,1,0
3,7,0,60,0,0,1,1,0
2,9,0,40,5013,0,1,1,0
5,15,0,60,20051,0,1,1,1
4,9,0,60,0,1902,1,1,1
3,9,0,10,0,0,1,1,0
2,9,1,44,4650,0,1,1,0
2,13,1,47,0,0,1,0,0
1,10,1,20,0,0,0,1,0
2,13,0,60,0,1887,1,1,1
4,10,1,40,0,0,0,1,0
1,9,1,50,0,0,1,1,0
5,10,0,50,20051,0,1,1,1
5,9,0,36,0,0,1,1,0
4,13,0,40,0,0,0,1,1
5,14,1,40,0,0,1,1,1
1,13,1,48,0,0,0,0,1
1,9,1,48,0,0,0,1,0
0,10,1,20,0,0,0,1,0
1,10,1,40,0,0,1,1,0
2,9,0,50,15024,0,1,1,1
3,9,1,9,0,0,1,1,0
4,6,1,40,0,0,0,1,0
4,13,0,40,0,1902,1,1,1
5,13,0,40,0,0,1,1,0
2,7,0,40,0,0,1,0,0
3,4,1,38,0,0,0,0,0
3,15,0,50,0,0,1,0,1
2,14,1,45,0,0,1,1,1
2,13,1,40,0,0,0,1,0
2,6,1,40,0,0,0,1,0
2,11,0,60,0,0,1,1,1
4,9,0,40,0,0,1,1,1
4,9,0,48,0,0,1,0,0
1,10,1,8,0,0,0,1,0
4,9,1,55,0,0,1,1,0
4,9,0,40,0,0,1,1,0
2,13,0,30,0,0,0,1,0
4,13,0,50,0,0,1,1,1
2,13,0,40,0,0,1,1,0
3,15,0,60,0,1977,1,1,1
0,9,1,40,0,0,1,1,0
1,9,1,40,0,0,0,1,0
1,9,1,40,0,0,0,1,0
2,9,0,40,0,0,0,1,1
3,10,0,40,0,0,1,1,0
2,11,1,32,0,0,0,1,0
2,13,0,40,0,0,1,1,1
1,13,1,40,0,0,0,1,0
3,9,0,40,0,0,1,1,0
3,13,0,35,0,0,1,1,1
5,9,1,24,0,0,0,1,0
4,13,0,40,0,0,1,1,0
2,5,0,50,0,0,1,1,0
1,10,1,35,0,0,1,1,0
2,11,0,40,0,0,0,1,0
4,13,1,38,0,0,1,1,0
1,10,1,40,0,0,1,1,0
2,13,1,40,0,0,1,1,0
1,9,0,60,0,0,1,0,1
2,11,1,64,0,0,0,1,0
2,7,1,60,0,880,1,1,0
2,10,0,40,0,0,1,0,1
2,12,0,35,0,0,0,1,1
4,10,0,50,5013,0,1,1,0
1,10,1,40,0,0,1,1,0
1,9,0,60,0,0,1,1,0
4,9,0,40,7298,0,1,0,1
4,10,1,48,0,0,0,1,0
3,15,0,55,0,2415,0,1,1
2,12,1,36,0,0,0,1,0
3,13,0,40,7298,0,1,1,1
2,3,0,40,0,0,1,0,0
4,13,0,40,0,0,1,1,0
4,12,0,50,0,0,1,1,1
1,10,1,40,0,0,0,1,0
5,9,1,40,0,0,0,1,0
3,9,0,40,0,0,1,1,1
3,12,1,40,0,0,0,1,0
2,9,0,45,0,0,1,1,0
2,9,1,40,0,0,0,1,0
3,9,0,40,0,0,1,1,0
5,9,1,40,0,0,1,1,1
4,7,0,40,0,0,0,1,1
3,13,0,50,0,0,1,1,1
2,13,1,60,0,0,1,1,1
2,13,1,40,0,0,0,0,0
3,9,1,40,0,0,0,1,0
1,10,1,35,0,0,1,1,0
3,10,0,40,0,1887,1,1,1
3,13,0,40,0,0,1,0,1
2,10,1,40,0,0,0,1,0
3,14,0,50,0,2392,1,1,1
2,8,1,32,0,0,1,1,0
3,9,1,40,0,0,1,1,0
3,13,0,40,0,0,1,1,0
4,6,1,40,0,0,0,1,0
2,4,0,84,3942,0,1,0,0
1,10,1,45,0,0,1,1,0
1,13,1,30,1055,0,0,1,0
3,9,0,48,0,0,1,1,0
1,11,1,60,0,0,0,1,0
3,10,1,44,0,0,0,1,0
1,13,1,40,0,0,1,1,0
1,10,1,40,0,0,0,1,0
2,10,0,60,15024,0,1,1,1
4,14,0,50,0,0,1,1,1
1,9,1,40,0,0,0,1,0
3,11,1,40,0,0,1,1,0
1,10,1,30,0,0,1,1,0
0,10,1,30,2907,0,1,1,0
3,14,0,60,0,0,1,1,1
2,13,1,40,0,0,1,1,0
4,8,0,40,0,1651,1,1,0
2,16,0,60,0,0,1,1,0
1,9,1,40,0,0,1,0,0
1,9,1,38,0,0,0,1,0
2,9,0,40,0,0,1,1,1
0,10,1,35,0,0,1,1,0
1,9,1,20,0,0,0,1,0
4,5,1,40,0,0,0,1,1
2,13,0,40,0,0,1,1,0
4,9,0,40,0,0,0,1,1
5,4,0,40,0,0,1,1,0
2,9,0,40,0,0,1,1,0
2,13,0,50,0,0,0,1,1
1,9,1,40,0,0,1,1,0
2,9,0,40,0,0,0,1,1
1,9,1,38,0,0,1,1,0
3,4,1,40,0,0,0,1,0
4,13,0,55,0,0,1,1,1
0,9,1,40,0,0,0,1,0
2,5,1,40,0,0,0,1,0
2,8,0,40,0,0,0,1,1
1,16,1,60,0,0,0,1,1
3,13,0,55,0,0,1,1,1
5,4,0,55,0,0,1,1,0
2,13,0,40,5178,0,1,1,1
1,9,1,10,0,0,1,1,0
3,15,0,50,99999,0,1,1,1
2,9,0,40,0,0,1,1,0
3,9,0,60,0,0,1,1,0
2,10,1,75,0,0,1,1,0
3,6,1,40,0,0,1,1,0
3,14,0,50,0,1902,1,1,1
1,9,1,40,0,0,1,1,0
1,10,1,40,0,0,1,1,0
3,13,1,40,0,0,0,1,0
3,10,0,84,0,0,1,1,0
2,9,0,35,0,0,1,1,0
2,13,1,45,0,0,0,1,0
4,10,1,48,0,0,0,1,0
1,13,0,25,0,0,0,1,1
4,10,0,50,0,0,1,1,0
2,10,1,30,0,0,0,1,0
1,12,0,50,0,0,1,1,1
4,14,0,40,15024,0,1,1,1
1,9,1,40,0,0,0,1,0
3,13,0,40,0,1485,1,1,1
1,13,1,40,0,0,0,0,0
2,13,0,40,0,0,0,0,1
3,9,1,55,0,0,0,1,0
1,13,1,40,0,0,1,1,0
1,9,0,40,0,0,1,1,0
2,13,1,40,0,0,1,0,0
1,10,1,44,0,0,1,0,0
4,13,1,40,0,0,0,1,0
4,9,1,38,0,0,1,1,0
1,4,0,40,0,0,0,1,0
4,9,0,40,0,0,1,1,1
3,13,1,40,0,0,1,1,0
1,13,1,10,0,0,0,1,0
2,10,0,40,0,0,1,1,0
3,10,1,45,2174,0,1,1,0
5,9,1,40,0,0,0,1,0
2,13,0,40,4508,0,1,1,0
4,14,1,32,0,0,0,1,1
2,9,0,40,5178,0,1,1,1
2,13,1,40,0,0,1,1,0
3,12,1,25,0,0,1,1,0
1,10,1,40,0,0,0,1,0
5,9,0,25,0,0,1,1,0
3,9,1,44,0,0,1,1,0
3,10,0,40,3942,0,1,1,0
3,9,1,40,0,0,0,1,0
3,9,1,40,0,0,0,1,0
2,11,0,40,0,0,1,1,0
1,10,0,45,0,0,1,1,0
3,9,1,43,0,0,0,1,0
4,13,0,40,0,0,0,1,0
2,11,0,36,0,0,0,1,1
1,13,1,40,0,0,1,1,0
5,8,0,40,0,0,1,1,0
1,9,0,40,0,0,1,1,0
1,9,1,35,0,0,1,1,0
1,10,0,40,0,0,1,1,0
1,13,1,40,0,0,0,1,0
2,10,0,40,0,0,1,1,1
2,11,1,40,0,0,0,1,0
2,9,1,25,0,0,0,0,0
4,12,1,40,0,1876,1,1,0
1,9,1,40,0,0,1,1,0
2,9,0,40,0,0,1,1,1
3,15,0,50,0,1485,1,1,1
3,13,0,40,0,0,1,1,1
1,9,1,40,0,0,0,1,0
4,14,0,40,0,0,1,1,0
2,5,0,40,0,1651,1,0,0
2,12,0,40,0,0,1,1,0
3,12,0,60,0,0,1,1,0
4,5,1,40,0,0,0,0,0
1,9,1,50,0,0,1,0,0
4,15,1,50,0,0,1,1,0
1,13,0,45,0,0,1,1,1
2,9,1,50,0,0,1,0,0
0,7,1,20,0,1602,0,1,0
1,11,1,40,0,0,0,1,0
4,10,1,40,0,0,1,1,0
1,9,1,55,0,0,1,1,0
4,9,0,50,0,0,1,1,1
2,7,1,30,0,0,1,1,0
3,3,0,40,0,0,1,0,0
3,13,0,40,0,0,1,0,0
2,9,1,35,0,0,0,1,0
2,10,1,65,0,0,1,1,0
3,9,0,40,0,0,1,1,0
2,9,1,35,0,0,0,1,0
2,10,1,55,0,0,0,1,0
3,10,0,40,0,0,1,1,0
3,10,0,40,0,0,1,1,0
2,10,0,40,0,0,1,1,1
0,7,1,30,0,0,1,1,0
2,12,1,45,0,0,0,1,0
3,9,0,40,0,0,1,1,0
2,9,0,48,0,0,1,1,0
3,9,1,40,0,0,1,0,0
2,14,0,33,0,0,1,1,1
3,9,0,40,0,0,1,0,1
3,10,0,40,0,0,1,1,1
3,9,1,48,0,0,1,1,0
3,11,1,40,0,0,0,1,0
3,3,0,55,0,0,1,0,1
4,9,1,40,0,0,0,1,0
3,13,0,55,0,0,1,1,1
2,11,0,60,0,0,1,1,1
5,9,1,38,0,0,1,1,1
3,14,0,40,0,0,0,0,1
3,8,1,84,0,0,1,1,1
2,10,1,30,0,0,1,1,0
2,9,0,40,0,0,1,1,0
5,16,0,25,0,0,1,1,1
2,10,1,20,0,0,1,1,0
4,9,1,38,0,0,0,1,0
1,10,1,15,0,0,0,1,0
3,9,1,50,0,0,0,1,0
2,14,1,45,0,0,1,1,0
4,9,1,40,0,0,0,1,1
2,15,0,40,0,0,1,0,1
4,10,0,45,0,0,1,1,0
4,13,0,40,0,0,1,1,0
2,10,1,40,0,0,1,1,0
0,9,1,60,0,0,0,0,0
3,13,1,50,0,0,1,1,0
4,13,1,40,8614,0,1,1,1
4,13,0,60,0,0,1,1,0
